property_id,created_at,contact_id,customer_email,customer_name,property_type,property_address,city,state,zip_code,num_bedrooms,num_bathrooms,square_feet,property_notes,status
prop-abdd370d0479,2026-02-25T12:29:00.295097,055b9c25-4ddf-4de3-8891-28772d007903,john.doe1@gmail.com,John Doe,commercial,100 Pelican Avenue,Key Largo,FL,33037,0,1,3837,Oceanfront property with pool,active
prop-7c15a1a273c7,2026-02-25T12:29:00.295497,20110aac-2b1e-4099-9182-b2963a7f4692,sarah.smith2@yahoo.com,Sarah Smith,vacation rental,103 Island Road,Big Pine Key,FL,33043,4,3,2116,Waterfront with boat dock,active
prop-e2514c157cff,2026-02-25T12:29:00.295566,85d53864-184f-4285-90c7-75433a66734b,mike.jones3@outlook.com,Mike Jones,vacation rental,106 Harbor Lane,Islamorada,FL,33036,1,3,1161,Golf course view,active
prop-ce64c65767cc,2026-02-25T12:29:00.295612,fdcd7111-6127-4fd5-a345-eed1291c8e93,lisa.brown4@gmail.com,Lisa Brown,vacation rental,109 Ocean Drive,Islamorada,FL,33036,2,1,2123,Pet-friendly property,active
prop-55431b4ede06,2026-02-25T12:29:00.295651,fdcd7111-6127-4fd5-a345-eed1291c8e93,lisa.brown4@gmail.com,Lisa Brown,residential,112 Beach Road,Big Pine Key,FL,33043,2,1,1368,Walking distance to beach,active
prop-9ad5a4a361a6,2026-02-25T12:29:00.295688,5de632a0-94aa-49da-abd9-1451f2d8b61c,tom.wilson5@hotmail.com,Tom Wilson,residential,115 Paradise Drive,Key West,FL,33040,4,2,1282,Near shopping and dining,active
prop-93454fe4ffa5,2026-02-25T12:29:00.295723,ccc5b9ea-9495-41cf-b73f-0c2e2619f718,mary.davis6@gmail.com,Mary Davis,residential,118 Reef Road,Islamorada,FL,33036,2,3,1657,Pet-friendly property,active
prop-e7d1d6b3f0c9,2026-02-25T12:29:00.295758,7a4ff376-3464-4e3d-9b48-cbb9a0530506,james.miller7@yahoo.com,James Miller,vacation rental,121 Sailfish Lane,Marathon,FL,33050,2,2,963,Pet-friendly property,active
prop-e010a625f089,2026-02-25T12:29:00.295791,6b61f7c4-e7f5-49a6-a600-67a1e69582ce,patricia.garcia8@gmail.com,Patricia Garcia,commercial,124 Conch Street,Tavernier,FL,33070,0,2,2645,Near shopping and dining,active
prop-580700aa360d,2026-02-25T12:29:00.295824,f86a8415-a5f1-4bf9-ad9b-777b78f0fc85,robert.martinez9@outlook.com,Robert Martinez,commercial,127 Harbor Lane,Islamorada,FL,33036,0,1,2004,Oceanfront property with pool,active
prop-8b371132c6f5,2026-02-25T12:29:00.295856,c39fcf83-ff0d-449a-9596-023371b4268b,jennifer.rodriguez10@gmail.com,Jennifer Rodriguez,residential,130 Lighthouse Way,Tavernier,FL,33070,4,3,1355,Weekly rentals only,active
prop-126b99892346,2026-02-25T12:29:00.295889,7ccb04a2-283c-4bb2-8099-ce68142dd1a5,michael.hernandez11@yahoo.com,Michael Hernandez,residential,133 Marina Lane,Islamorada,FL,33036,3,1,1238,Walking distance to beach,active
prop-8aac103d62cb,2026-02-25T12:29:00.295921,eab01457-a2fe-4526-b847-3b138ad3a994,linda.lopez12@gmail.com,Linda Lopez,vacation rental,136 Gulf View,Key West,FL,33040,2,2,906,Weekly rentals only,active
prop-c9ba096ea083,2026-02-25T12:29:00.295951,eab01457-a2fe-4526-b847-3b138ad3a994,linda.lopez12@gmail.com,Linda Lopez,commercial,139 Island Road,Key Largo,FL,33037,0,1,2531,Recently renovated,active
prop-4831bfa46a3f,2026-02-25T12:29:00.295981,e204956b-7903-49e5-b45a-98e53b744fdc,david.gonzalez13@hotmail.com,David Gonzalez,commercial,142 Coral Way,Key West,FL,33040,0,2,1884,Gated community,active
prop-e064ed7adb7b,2026-02-25T12:29:00.296013,b4227377-5882-4050-9abd-2f99733864b9,barbara.perez14@gmail.com,Barbara Perez,vacation rental,145 Coral Way,Key Largo,FL,33037,1,1,1141,Pet-friendly property,active
prop-426ccb6af6aa,2026-02-25T12:29:00.296044,5106524e-9bd3-4293-986d-dc7412b2720a,william.sanchez15@yahoo.com,William Sanchez,commercial,148 Lighthouse Way,Marathon,FL,33050,0,2,2176,Oceanfront property with pool,active
prop-70f75c5d1735,2026-02-25T12:29:00.296074,6ba66075-365b-40f8-acb4-96e3c39c48a0,elizabeth.ramirez16@gmail.com,Elizabeth Ramirez,commercial,151 Paradise Drive,Key Largo,FL,33037,0,1,2359,Walking distance to beach,active
prop-a18f30f2f9bd,2026-02-25T12:29:00.296104,2e4f4800-4640-4a04-844c-b719df7d0f99,richard.torres17@outlook.com,Richard Torres,vacation rental,154 Gulf View,Islamorada,FL,33036,1,2,2359,Waterfront with boat dock,active
prop-7aca2ac20759,2026-02-25T12:29:00.296170,2e4f4800-4640-4a04-844c-b719df7d0f99,richard.torres17@outlook.com,Richard Torres,residential,157 Marlin Drive,Key Largo,FL,33037,2,2,1935,Weekly rentals only,active
prop-79d1628a9f04,2026-02-25T12:29:00.296201,32ba16fc-a96b-4496-ab85-084fad6ec54f,susan.flores18@gmail.com,Susan Flores,commercial,160 Coral Way,Key West,FL,33040,0,2,2443,Golf course view,active
prop-5dc82ed7645b,2026-02-25T12:29:00.296231,e4530a3e-4131-4fac-ba43-8427ccdd9cd6,joseph.rivera19@hotmail.com,Joseph Rivera,commercial,163 Dolphin Street,Key West,FL,33040,0,2,3232,Eco-friendly features,active
prop-872ab2f3641b,2026-02-25T12:29:00.296260,e4530a3e-4131-4fac-ba43-8427ccdd9cd6,joseph.rivera19@hotmail.com,Joseph Rivera,commercial,166 Island Road,Big Pine Key,FL,33043,0,2,4356,Near shopping and dining,active
prop-cc697f9fd587,2026-02-25T12:29:00.296290,4032c297-7249-4cc2-af33-b886a3edab87,jessica.gomez20@gmail.com,Jessica Gomez,vacation rental,169 Lighthouse Way,Big Pine Key,FL,33043,4,2,2368,Eco-friendly features,active
prop-01c9811e9c0b,2026-02-25T12:29:00.296321,93444129-1fbf-454f-9776-ec051aa077b9,thomas.diaz21@yahoo.com,Thomas Diaz,vacation rental,172 Ocean Drive,Key Largo,FL,33037,2,2,1820,Near shopping and dining,active
prop-ea5d2c3f1c49,2026-02-25T12:29:00.296351,c7ffb116-b937-482d-934c-3e49fabe951e,sarah.cruz22@gmail.com,Sarah Cruz,residential,175 Dolphin Street,Key Largo,FL,33037,2,2,1852,Weekly rentals only,active
prop-f450032c5e07,2026-02-25T12:29:00.296380,c7ffb116-b937-482d-934c-3e49fabe951e,sarah.cruz22@gmail.com,Sarah Cruz,commercial,178 Paradise Drive,Big Pine Key,FL,33043,0,1,3626,Pet-friendly property,active
prop-725d34aae8bf,2026-02-25T12:29:00.296409,78fd55dc-c4ed-4716-80ca-e93e48d9025b,charles.reyes23@outlook.com,Charles Reyes,commercial,181 Pelican Avenue,Marathon,FL,33050,0,2,2547,Recently renovated,active
prop-168675b8d713,2026-02-25T12:29:00.296438,1c5f7399-17d1-4a2c-b189-6ee1865bd553,nancy.morales24@gmail.com,Nancy Morales,residential,184 Ocean Drive,Key West,FL,33040,3,2,1027,Recently renovated,active
prop-324e59b02233,2026-02-25T12:29:00.296467,f7355cf3-15c1-4371-98f8-566da3b42d99,daniel.jimenez25@hotmail.com,Daniel Jimenez,commercial,187 Paradise Drive,Key Largo,FL,33037,0,1,3021,Golf course view,active
prop-fbfb189da95d,2026-02-25T12:29:00.296497,34db7671-ccd6-4753-89a9-ec6635405c19,karen.ortiz26@gmail.com,Karen Ortiz,commercial,190 Marina Lane,Tavernier,FL,33070,0,1,1813,Golf course view,active
prop-7e7e1c5ee1c7,2026-02-25T12:29:00.296526,137e7990-0bad-4ce9-98d5-c201b295c22b,matthew.castillo27@yahoo.com,Matthew Castillo,commercial,193 Gulf View,Tavernier,FL,33070,0,1,4329,Golf course view,active
prop-25cc99189768,2026-02-25T12:29:00.296556,411ed208-944f-41ff-bc4e-17ae07ca2556,betty.nguyen28@gmail.com,Betty Nguyen,residential,196 Coral Way,Marathon,FL,33050,3,2,1362,Waterfront with boat dock,active
prop-bed7e5afd6d0,2026-02-25T12:29:00.296585,86863528-db69-4ac0-91b0-c8cf5790d94a,anthony.kim29@outlook.com,Anthony Kim,commercial,199 Harbor Lane,Key Largo,FL,33037,0,1,2730,Waterfront with boat dock,active
prop-69bced4228d1,2026-02-25T12:29:00.296614,e7cd48b0-41b8-46a6-a38b-b84fbd213d08,margaret.patel30@gmail.com,Margaret Patel,commercial,202 Gulf View,Key Largo,FL,33037,0,2,2937,Pet-friendly property,active
prop-34cffcbb28d4,2026-02-25T12:29:00.296642,3e7e65ce-2e09-4d1e-9158-e8e04228d7c9,mark.chen31@hotmail.com,Mark Chen,residential,205 Marina Lane,Tavernier,FL,33070,4,2,1452,Gated community,active
prop-5f73320cc7bb,2026-02-25T12:29:00.296671,2aec5ac9-ead6-41b0-a33a-200821185011,dorothy.lee32@gmail.com,Dorothy Lee,commercial,208 Palm Avenue,Big Pine Key,FL,33043,0,1,4185,Recently renovated,active
prop-9692b557575a,2026-02-25T12:29:00.296700,0178e10e-5ef5-4ade-9554-d4b91d0b21e6,donald.wang33@yahoo.com,Donald Wang,commercial,211 Paradise Drive,Key Largo,FL,33037,0,1,4888,Gated community,active
prop-e5de157ad314,2026-02-25T12:29:00.296729,90050fd7-1dc9-46d2-be32-82d6a848bf26,lisa.singh34@gmail.com,Lisa Singh,residential,214 Reef Road,Key West,FL,33040,4,1,1416,Waterfront with boat dock,active
prop-d3af4fd9075f,2026-02-25T12:29:00.296771,bd48e122-32ae-4616-b43a-46c0749840cb,steven.shah35@outlook.com,Steven Shah,vacation rental,217 Tropical Way,Marathon,FL,33050,5,3,1661,Near shopping and dining,active
prop-55a4b2195af1,2026-02-25T12:29:00.296802,076ac15e-50ba-4d1b-a713-5990a2fdb41d,client1@keylargo.com,Amanda Johnson,commercial,220 Bayshore Drive,Islamorada,FL,33036,0,2,4921,Pet-friendly property,active
prop-8a4d31e1b7ff,2026-02-25T12:29:00.296833,076ac15e-50ba-4d1b-a713-5990a2fdb41d,client1@keylargo.com,Amanda Johnson,commercial,223 Coral Way,Key West,FL,33040,0,1,3296,Recently renovated,active
prop-2d4c4a26863f,2026-02-25T12:29:00.296864,8ae0d98a-5df1-4d3c-871c-d1a0d9e7ab0e,client2@marathon.com,Brian Thompson,vacation rental,226 Sailfish Lane,Key Largo,FL,33037,3,1,995,Golf course view,active
prop-17d8192d5bfa,2026-02-25T12:29:00.296893,8ae0d98a-5df1-4d3c-871c-d1a0d9e7ab0e,client2@marathon.com,Brian Thompson,vacation rental,229 Coral Way,Key Largo,FL,33037,1,3,2363,Waterfront with boat dock,active
prop-5900498a78a0,2026-02-25T12:29:00.296923,c51e45be-2c23-4f08-aeb6-c654e2af0ee7,client3@bigpine.com,Christina White,vacation rental,232 Lighthouse Way,Key Largo,FL,33037,5,2,2424,Waterfront with boat dock,active
prop-26a6b7bdb7e0,2026-02-25T12:29:00.296954,c51e45be-2c23-4f08-aeb6-c654e2af0ee7,client3@bigpine.com,Christina White,residential,235 Coral Way,Tavernier,FL,33070,3,3,1643,Walking distance to beach,active
prop-4ee823d03558,2026-02-25T12:29:00.296990,c51e45be-2c23-4f08-aeb6-c654e2af0ee7,client3@bigpine.com,Christina White,vacation rental,238 Tropical Way,Marathon,FL,33050,3,2,1833,Oceanfront property with pool,active
prop-5130e4a36d0f,2026-02-25T12:29:00.297023,c38d9240-eb7a-4944-9ea5-0367aa2c2d9a,client4@keywest.com,Derek Harris,vacation rental,241 Reef Road,Tavernier,FL,33070,4,2,1378,Eco-friendly features,active
prop-4249ffa575ef,2026-02-25T12:29:00.297056,958c8d20-d044-4407-ba58-00e5249b52e0,client5@islamorada.com,Emily Martin,residential,244 Pelican Avenue,Tavernier,FL,33070,3,1,1005,Gated community,active
prop-762970de3f71,2026-02-25T12:29:00.297087,958c8d20-d044-4407-ba58-00e5249b52e0,client5@islamorada.com,Emily Martin,commercial,247 Conch Street,Big Pine Key,FL,33043,0,1,3350,Eco-friendly features,active
prop-5fdd8c43fcb5,2026-02-25T12:29:00.297119,958c8d20-d044-4407-ba58-00e5249b52e0,client5@islamorada.com,Emily Martin,commercial,250 Pelican Avenue,Islamorada,FL,33036,0,2,3399,Waterfront with boat dock,active
prop-2e4254dbbf11,2026-02-25T12:29:00.297154,ed27fa7d-e2ee-4759-902f-e058de42120c,client6@tavernier.com,Frank Thompson,residential,253 Bayshore Drive,Key West,FL,33040,4,3,1450,Pet-friendly property,active
prop-a0ab6260b547,2026-02-25T12:29:00.297185,ed27fa7d-e2ee-4759-902f-e058de42120c,client6@tavernier.com,Frank Thompson,residential,256 Bayshore Drive,Tavernier,FL,33070,3,2,1580,Oceanfront property with pool,active
prop-107ee583b553,2026-02-25T12:29:00.297219,28197b4e-06ca-4f29-a00e-92b770bda15d,client7@keylargo.com,Grace Anderson,vacation rental,259 Beach Road,Tavernier,FL,33070,2,1,1204,Walking distance to beach,active
prop-39c920324e33,2026-02-25T12:29:00.297250,28197b4e-06ca-4f29-a00e-92b770bda15d,client7@keylargo.com,Grace Anderson,commercial,262 Tropical Way,Big Pine Key,FL,33043,0,2,4225,Pet-friendly property,active
prop-ae3ac6bd8bb7,2026-02-25T12:29:00.297282,9a01960d-ab81-4344-b797-98562694c927,client8@marathon.com,Henry Jackson,residential,265 Seaside Drive,Islamorada,FL,33036,4,1,1186,Golf course view,active
prop-e30f2b9b9d68,2026-02-25T12:29:00.297313,9a01960d-ab81-4344-b797-98562694c927,client8@marathon.com,Henry Jackson,vacation rental,268 Lighthouse Way,Marathon,FL,33050,2,3,1840,Golf course view,active
prop-5f39e3d49ae2,2026-02-25T12:29:00.297346,9a01960d-ab81-4344-b797-98562694c927,client8@marathon.com,Henry Jackson,vacation rental,271 Marina Lane,Tavernier,FL,33070,3,2,975,Gated community,active
prop-8c52e740bbfd,2026-02-25T12:29:00.297378,f496f754-f4eb-4d26-8c0f-eaf592c59b80,client9@bigpine.com,Irene Taylor,vacation rental,274 Marina Lane,Big Pine Key,FL,33043,3,3,1561,Walking distance to beach,active
prop-6a3b75a25948,2026-02-25T12:29:00.297431,f496f754-f4eb-4d26-8c0f-eaf592c59b80,client9@bigpine.com,Irene Taylor,residential,277 Marina Lane,Big Pine Key,FL,33043,4,2,1686,Oceanfront property with pool,active
prop-34c0a75f1f32,2026-02-25T12:29:00.297465,e4987c07-1a5f-4aa8-be90-b5c738343bfb,client10@keywest.com,Jason Moore,commercial,280 Palm Avenue,Big Pine Key,FL,33043,0,1,3795,Near shopping and dining,active
prop-85c22b3dc353,2026-02-25T12:29:00.297495,e4987c07-1a5f-4aa8-be90-b5c738343bfb,client10@keywest.com,Jason Moore,vacation rental,283 Bayshore Drive,Tavernier,FL,33070,1,2,947,Oceanfront property with pool,active
prop-766d8ec6c2cc,2026-02-25T12:29:00.297526,659cd62d-cfe6-49ae-979b-fc8ef3f8f472,client11@islamorada.com,Kelly Thomas,vacation rental,286 Beach Road,Big Pine Key,FL,33043,1,1,1542,Near shopping and dining,active
prop-7977ea8c87ac,2026-02-25T12:29:00.297556,659cd62d-cfe6-49ae-979b-fc8ef3f8f472,client11@islamorada.com,Kelly Thomas,vacation rental,289 Pelican Avenue,Islamorada,FL,33036,5,2,894,Weekly rentals only,active
prop-37ca5c159a89,2026-02-25T12:29:00.297587,0d6ce7db-16d7-4f0e-a5e2-80b6a8689d5b,client12@tavernier.com,Larry Robinson,vacation rental,292 Pelican Avenue,Big Pine Key,FL,33043,1,1,1895,Recently renovated,active
prop-904c2d3a5462,2026-02-25T12:29:00.297617,0d6ce7db-16d7-4f0e-a5e2-80b6a8689d5b,client12@tavernier.com,Larry Robinson,vacation rental,295 Sailfish Lane,Islamorada,FL,33036,4,1,1074,Pet-friendly property,active
prop-638c3b69ac2e,2026-02-25T12:29:00.297648,a32fded6-1a22-4958-89b1-ead9a09c91a9,client13@keylargo.com,Monica Walker,vacation rental,298 Marina Lane,Islamorada,FL,33036,5,2,1313,Recently renovated,active
prop-b6c5c56076f0,2026-02-25T12:29:00.297678,a32fded6-1a22-4958-89b1-ead9a09c91a9,client13@keylargo.com,Monica Walker,residential,301 Ocean Drive,Islamorada,FL,33036,4,2,1316,Oceanfront property with pool,active
prop-2d03f6ea316b,2026-02-25T12:29:00.297708,a32fded6-1a22-4958-89b1-ead9a09c91a9,client13@keylargo.com,Monica Walker,commercial,304 Marina Lane,Islamorada,FL,33036,0,1,2849,Oceanfront property with pool,active
prop-41850f18f4ce,2026-02-25T12:29:00.297739,2c427c44-d810-4617-94ed-03a0bd31d65d,client14@marathon.com,Nathan Hall,commercial,307 Seaside Drive,Tavernier,FL,33070,0,1,2704,Recently renovated,active
prop-8577bb1c9cdd,2026-02-25T12:29:00.297769,2c427c44-d810-4617-94ed-03a0bd31d65d,client14@marathon.com,Nathan Hall,vacation rental,310 Pelican Avenue,Key Largo,FL,33037,4,1,1379,Oceanfront property with pool,active
prop-acaa7732d8af,2026-02-25T12:29:00.297799,2c427c44-d810-4617-94ed-03a0bd31d65d,client14@marathon.com,Nathan Hall,commercial,313 Dolphin Street,Big Pine Key,FL,33043,0,1,4022,Walking distance to beach,active
prop-0a7cd5cdf889,2026-02-25T12:29:00.297831,2b83f38d-7a98-4569-987a-609f22dd413c,client15@bigpine.com,Olivia Allen,residential,316 Seaside Drive,Marathon,FL,33050,3,1,1952,Near shopping and dining,active
prop-6564a742457c,2026-02-25T12:29:00.297868,2b83f38d-7a98-4569-987a-609f22dd413c,client15@bigpine.com,Olivia Allen,residential,319 Marina Lane,Key West,FL,33040,3,1,1110,Waterfront with boat dock,active
prop-e657b6a6e213,2026-02-25T12:29:00.297901,2b83f38d-7a98-4569-987a-609f22dd413c,client15@bigpine.com,Olivia Allen,residential,322 Palm Avenue,Tavernier,FL,33070,4,2,1748,Walking distance to beach,active
prop-1ef07e25884f,2026-02-25T12:29:00.297934,b0308d40-23e2-4559-8b93-9cea0fb45e9f,client16@keywest.com,Patrick Young,vacation rental,325 Pelican Avenue,Marathon,FL,33050,2,2,1828,Golf course view,active
prop-cb5eba58a902,2026-02-25T12:29:00.297967,b0308d40-23e2-4559-8b93-9cea0fb45e9f,client16@keywest.com,Patrick Young,residential,328 Gulf View,Islamorada,FL,33036,2,2,1412,Pet-friendly property,active
prop-661b0e7e1e2a,2026-02-25T12:29:00.298001,d7e4b3d3-f599-4406-ad6a-04cd7bb4a117,client17@islamorada.com,Quinn King,vacation rental,331 Bayshore Drive,Big Pine Key,FL,33043,4,1,1260,Walking distance to beach,active
prop-ec9a40f8c749,2026-02-25T12:29:00.298050,d7e4b3d3-f599-4406-ad6a-04cd7bb4a117,client17@islamorada.com,Quinn King,commercial,334 Pelican Avenue,Islamorada,FL,33036,0,2,3935,Recently renovated,active
prop-e2192cf4332c,2026-02-25T12:29:00.298081,0a8798f7-ae23-4c22-9ca3-3c4236bf6d4b,client18@tavernier.com,Rachel Wright,commercial,337 Reef Road,Tavernier,FL,33070,0,1,1542,Gated community,active
prop-edf17df1084f,2026-02-25T12:29:00.298110,0a8798f7-ae23-4c22-9ca3-3c4236bf6d4b,client18@tavernier.com,Rachel Wright,commercial,340 Tropical Way,Marathon,FL,33050,0,1,4388,Pet-friendly property,active
prop-c92f2a871445,2026-02-25T12:29:00.298141,0169d2ec-2cf0-4609-aef2-6009141d0b02,client19@keylargo.com,Samuel Scott,vacation rental,343 Island Road,Key West,FL,33040,4,3,1458,Eco-friendly features,active
prop-c8458387e629,2026-02-25T12:29:00.298170,0169d2ec-2cf0-4609-aef2-6009141d0b02,client19@keylargo.com,Samuel Scott,vacation rental,346 Paradise Drive,Key West,FL,33040,3,3,967,Walking distance to beach,active
prop-a8d78fbff41a,2026-02-25T12:29:00.298200,0169d2ec-2cf0-4609-aef2-6009141d0b02,client19@keylargo.com,Samuel Scott,residential,349 Bayshore Drive,Key Largo,FL,33037,3,2,1293,Recently renovated,active
prop-3d6355cd9b98,2026-02-25T12:29:00.298229,5da97626-5507-488a-8e4e-0686faa4f2f9,client20@marathon.com,Tina Green,residential,352 Sailfish Lane,Big Pine Key,FL,33043,4,3,1361,Golf course view,active
prop-ed628616e7c3,2026-02-25T12:29:00.298259,88d9cda4-d24e-4945-9dec-a75412ea6ce3,client21@bigpine.com,Victor Adams,commercial,355 Dolphin Street,Marathon,FL,33050,0,1,4157,Near shopping and dining,active
prop-406994944b0d,2026-02-25T12:29:00.298289,5228bc08-22e6-42dc-8519-0d7a71201727,client22@keywest.com,Wendy Baker,residential,358 Lighthouse Way,Key Largo,FL,33037,4,1,1593,Waterfront with boat dock,active
prop-185b5822f5c4,2026-02-25T12:29:00.298319,5228bc08-22e6-42dc-8519-0d7a71201727,client22@keywest.com,Wendy Baker,residential,361 Bayshore Drive,Big Pine Key,FL,33043,3,3,1609,Weekly rentals only,active
prop-950b56193782,2026-02-25T12:29:00.298348,5228bc08-22e6-42dc-8519-0d7a71201727,client22@keywest.com,Wendy Baker,commercial,364 Bayshore Drive,Tavernier,FL,33070,0,2,4261,Pet-friendly property,active
prop-b2b0690b3554,2026-02-25T12:29:00.298378,858d0b74-cba7-4708-8bb9-c908a308863e,client23@islamorada.com,Xavier Nelson,vacation rental,367 Pelican Avenue,Key Largo,FL,33037,2,3,960,Waterfront with boat dock,active
prop-715eb0c6e27c,2026-02-25T12:29:00.298408,858d0b74-cba7-4708-8bb9-c908a308863e,client23@islamorada.com,Xavier Nelson,vacation rental,370 Marlin Drive,Islamorada,FL,33036,5,2,909,Pet-friendly property,active
prop-f130837fd1b8,2026-02-25T12:29:00.298437,858d0b74-cba7-4708-8bb9-c908a308863e,client23@islamorada.com,Xavier Nelson,commercial,373 Ocean Drive,Islamorada,FL,33036,0,1,3680,Pet-friendly property,active
prop-b59ca2b8c76c,2026-02-25T12:29:00.298467,6d435c0b-32a0-473e-ac79-e359b1f7fa94,client24@tavernier.com,Yolanda Carter,commercial,376 Paradise Drive,Tavernier,FL,33070,0,1,2277,Waterfront with boat dock,active
prop-2d1a48f855bc,2026-02-25T12:29:00.298498,34a0ec80-1c96-4f3c-9368-64ce9519d54d,client25@keylargo.com,Zachary Mitchell,residential,379 Gulf View,Key West,FL,33040,4,2,1135,Golf course view,active
prop-34de0732a04e,2026-02-25T12:29:00.298528,34a0ec80-1c96-4f3c-9368-64ce9519d54d,client25@keylargo.com,Zachary Mitchell,residential,382 Paradise Drive,Islamorada,FL,33036,3,3,1287,Pet-friendly property,active
prop-a9c59d529244,2026-02-25T12:29:00.298558,23890d4a-5c34-47e2-8609-d26e5d2ce945,client26@marathon.com,Alice Perez,residential,385 Paradise Drive,Key West,FL,33040,3,2,1593,Waterfront with boat dock,active
prop-bbbc88709ed0,2026-02-25T12:29:00.298589,b8011e3a-09b5-49fa-beb8-469593554082,client27@bigpine.com,Benjamin Roberts,residential,388 Coral Way,Tavernier,FL,33070,2,3,1106,Golf course view,active
prop-74300b3e5aa0,2026-02-25T12:29:00.298618,b8011e3a-09b5-49fa-beb8-469593554082,client27@bigpine.com,Benjamin Roberts,vacation rental,391 Reef Road,Islamorada,FL,33036,2,2,1798,Pet-friendly property,active
prop-ea059fa24b6e,2026-02-25T12:29:00.298660,b8011e3a-09b5-49fa-beb8-469593554082,client27@bigpine.com,Benjamin Roberts,residential,394 Beach Road,Big Pine Key,FL,33043,3,3,1077,Gated community,active
prop-aee6beb16a7c,2026-02-25T12:29:00.298693,633f8f5a-9540-46c9-9a0e-ac5974fd4213,client28@keywest.com,Catherine Turner,commercial,397 Ocean Drive,Islamorada,FL,33036,0,2,4507,Oceanfront property with pool,active
prop-16ead69ee794,2026-02-25T12:29:00.298724,633f8f5a-9540-46c9-9a0e-ac5974fd4213,client28@keywest.com,Catherine Turner,residential,400 Sailfish Lane,Islamorada,FL,33036,3,2,1501,Walking distance to beach,active
prop-3187290e7403,2026-02-25T12:29:00.298756,c305a963-6182-4e96-862b-8903677bd1cc,client29@islamorada.com,Dylan Phillips,vacation rental,403 Marina Lane,Key West,FL,33040,3,2,1721,Weekly rentals only,active
prop-a6c28f62e9ac,2026-02-25T12:29:00.298788,c305a963-6182-4e96-862b-8903677bd1cc,client29@islamorada.com,Dylan Phillips,vacation rental,406 Tropical Way,Big Pine Key,FL,33043,4,2,1138,Recently renovated,active
prop-af0e51e55ef0,2026-02-25T12:29:00.298822,3546465f-9772-41e1-9cc9-b288c47c2325,client30@tavernier.com,Emma Campbell,vacation rental,409 Marlin Drive,Key West,FL,33040,2,3,1077,Weekly rentals only,active
prop-68552e4d5662,2026-02-25T12:29:00.298853,b179c130-da0c-4604-b4c8-e5cf8bab4289,client31@keylargo.com,Felix Parker,residential,412 Gulf View,Key Largo,FL,33037,4,3,1597,Oceanfront property with pool,active
prop-5aa9abb2578e,2026-02-25T12:29:00.298884,b179c130-da0c-4604-b4c8-e5cf8bab4289,client31@keylargo.com,Felix Parker,residential,415 Paradise Drive,Key West,FL,33040,2,2,1379,Waterfront with boat dock,active
prop-00efce5e9d87,2026-02-25T12:29:00.298916,20c53565-0be3-443f-a980-c3f6dcf87be6,client32@marathon.com,Gina Evans,commercial,418 Beach Road,Key Largo,FL,33037,0,2,4804,Eco-friendly features,active
prop-18d8d15f6a06,2026-02-25T12:29:00.298947,20c53565-0be3-443f-a980-c3f6dcf87be6,client32@marathon.com,Gina Evans,commercial,421 Palm Avenue,Marathon,FL,33050,0,1,3519,Weekly rentals only,active
prop-b34a5d70d5fc,2026-02-25T12:29:00.298978,c7331ab5-bd19-4d0a-b04a-bd1da9b23802,client33@bigpine.com,Hugo Edwards,residential,424 Harbor Lane,Big Pine Key,FL,33043,4,3,1759,Weekly rentals only,active
prop-56a052507489,2026-02-25T12:29:00.299007,c7331ab5-bd19-4d0a-b04a-bd1da9b23802,client33@bigpine.com,Hugo Edwards,residential,427 Pelican Avenue,Key Largo,FL,33037,4,1,1406,Weekly rentals only,active
prop-f627de1d4c3b,2026-02-25T12:29:00.299036,c7331ab5-bd19-4d0a-b04a-bd1da9b23802,client33@bigpine.com,Hugo Edwards,vacation rental,430 Sailfish Lane,Key West,FL,33040,1,2,1326,Oceanfront property with pool,active
prop-c56a38cf6358,2026-02-25T12:29:00.299067,11fbcda4-e0b1-4eee-9046-3d693ae24b6a,client34@keywest.com,Isabel Collins,commercial,433 Gulf View,Key West,FL,33040,0,2,2611,Waterfront with boat dock,active
prop-b58be635a37c,2026-02-25T12:29:00.299096,11fbcda4-e0b1-4eee-9046-3d693ae24b6a,client34@keywest.com,Isabel Collins,residential,436 Palm Avenue,Key Largo,FL,33037,4,3,1413,Eco-friendly features,active
prop-4f7bd80c67e0,2026-02-25T12:29:00.299128,e94162fe-1a4b-4203-8561-047ae1f17ffc,client35@islamorada.com,Jacob Stewart,commercial,439 Pelican Avenue,Islamorada,FL,33036,0,1,2996,Golf course view,active
prop-ca4ce9be9c4f,2026-02-25T12:29:00.299159,e94162fe-1a4b-4203-8561-047ae1f17ffc,client35@islamorada.com,Jacob Stewart,commercial,442 Ocean Drive,Key Largo,FL,33037,0,1,3298,Weekly rentals only,active
prop-9200180eb237,2026-02-25T12:29:00.299191,8fd81213-4227-4808-ab09-f53f5308abe6,client36@tavernier.com,Marcus Bennett,vacation rental,445 Pelican Avenue,Big Pine Key,FL,33043,4,2,1832,Eco-friendly features,active
prop-ffb7e4d3f090,2026-02-25T12:29:00.299221,7032a386-0693-43b5-ae69-d589615f1392,client37@keylargo.com,Nicole Foster,vacation rental,448 Reef Road,Key West,FL,33040,1,1,2224,Pet-friendly property,active
prop-af1f0d951288,2026-02-25T12:29:00.299253,7032a386-0693-43b5-ae69-d589615f1392,client37@keylargo.com,Nicole Foster,commercial,451 Beach Road,Key Largo,FL,33037,0,1,3979,Weekly rentals only,active
prop-676046a3f0ef,2026-02-25T12:29:00.299300,7032a386-0693-43b5-ae69-d589615f1392,client37@keylargo.com,Nicole Foster,commercial,454 Reef Road,Big Pine Key,FL,33043,0,2,4944,Eco-friendly features,active
prop-fe0ffa92bca8,2026-02-25T12:29:00.299332,bf6828c1-556f-4951-b869-3a8b18aa32ca,client38@marathon.com,Oscar Reed,commercial,457 Coral Way,Tavernier,FL,33070,0,2,4094,Eco-friendly features,active
prop-199b5fd0114a,2026-02-25T12:29:00.299363,bf6828c1-556f-4951-b869-3a8b18aa32ca,client38@marathon.com,Oscar Reed,vacation rental,460 Seaside Drive,Big Pine Key,FL,33043,2,2,1226,Gated community,active
prop-defc798c3359,2026-02-25T12:29:00.299394,bf6828c1-556f-4951-b869-3a8b18aa32ca,client38@marathon.com,Oscar Reed,commercial,463 Coral Way,Islamorada,FL,33036,0,2,4037,Near shopping and dining,active
prop-01542ad23068,2026-02-25T12:29:00.299423,ee76d8bd-213e-49f8-b4d1-559d05b65677,client39@bigpine.com,Paula Coleman,vacation rental,466 Marlin Drive,Tavernier,FL,33070,3,3,2420,Eco-friendly features,active
prop-a5bcd104864c,2026-02-25T12:29:00.299454,ee76d8bd-213e-49f8-b4d1-559d05b65677,client39@bigpine.com,Paula Coleman,commercial,469 Marina Lane,Big Pine Key,FL,33043,0,2,2805,Waterfront with boat dock,active
prop-1f09590a57f8,2026-02-25T12:29:00.299485,0cea8188-8343-4db0-b585-d40d998058b3,client40@keywest.com,Quincy Jenkins,vacation rental,472 Dolphin Street,Marathon,FL,33050,2,2,873,Oceanfront property with pool,active
prop-814e9b101850,2026-02-25T12:29:00.299517,0cea8188-8343-4db0-b585-d40d998058b3,client40@keywest.com,Quincy Jenkins,vacation rental,475 Dolphin Street,Islamorada,FL,33036,2,1,1448,Recently renovated,active
prop-da88a790c387,2026-02-25T12:29:00.299548,0cea8188-8343-4db0-b585-d40d998058b3,client40@keywest.com,Quincy Jenkins,commercial,478 Gulf View,Marathon,FL,33050,0,2,3182,Waterfront with boat dock,active
prop-21793fe6b23f,2026-02-25T12:29:00.299579,4bb32a90-e538-44e0-84a3-8b67b75ad5e0,client41@islamorada.com,Rachel Perry,commercial,481 Beach Road,Key Largo,FL,33037,0,2,2899,Waterfront with boat dock,active
prop-133107ca56bf,2026-02-25T12:29:00.299610,4bb32a90-e538-44e0-84a3-8b67b75ad5e0,client41@islamorada.com,Rachel Perry,vacation rental,484 Conch Street,Tavernier,FL,33070,2,1,1127,Weekly rentals only,active
prop-2bb3e7457e0b,2026-02-25T12:29:00.299640,4bb32a90-e538-44e0-84a3-8b67b75ad5e0,client41@islamorada.com,Rachel Perry,commercial,487 Coral Way,Marathon,FL,33050,0,1,4690,Gated community,active
prop-7d5bba434682,2026-02-25T12:29:00.299671,5b31173f-5d7d-4e59-b5c3-eca05861675f,client42@tavernier.com,Samuel Powell,residential,490 Bayshore Drive,Marathon,FL,33050,4,3,1278,Recently renovated,active
prop-ff0e6172e122,2026-02-25T12:29:00.299702,61d17601-f8f1-4588-aaa8-3224887cc820,client43@keylargo.com,Teresa Long,commercial,493 Marlin Drive,Islamorada,FL,33036,0,2,2679,Oceanfront property with pool,active
prop-1e996ee04aa2,2026-02-25T12:29:00.299733,61d17601-f8f1-4588-aaa8-3224887cc820,client43@keylargo.com,Teresa Long,residential,496 Reef Road,Key West,FL,33040,4,3,1011,Oceanfront property with pool,active
prop-a010a7ad2998,2026-02-25T12:29:00.299764,61d17601-f8f1-4588-aaa8-3224887cc820,client43@keylargo.com,Teresa Long,vacation rental,499 Marlin Drive,Marathon,FL,33050,1,3,1113,Gated community,active
prop-d01ffeefcf48,2026-02-25T12:29:00.299795,d0479bfe-9d41-48d9-b60e-d5210e4b61f7,client44@marathon.com,Ulysses Patterson,commercial,502 Bayshore Drive,Marathon,FL,33050,0,2,2935,Near shopping and dining,active
prop-6df253ce40c9,2026-02-25T12:29:00.299826,dec95ae6-1e9f-422d-8cea-5509fbcb8e6a,client45@bigpine.com,Veronica Hughes,commercial,505 Sailfish Lane,Key West,FL,33040,0,1,2873,Recently renovated,active
prop-d988149847ce,2026-02-25T12:29:00.299859,7c597dd1-5e0d-4741-ad75-838e59c5ee92,client46@keywest.com,Walter Flores,residential,508 Pelican Avenue,Big Pine Key,FL,33043,3,2,1477,Golf course view,active
prop-277c41c6670e,2026-02-25T12:29:00.299892,7c597dd1-5e0d-4741-ad75-838e59c5ee92,client46@keywest.com,Walter Flores,vacation rental,511 Marina Lane,Marathon,FL,33050,4,2,1431,Oceanfront property with pool,active
prop-7fafa5ce1f3b,2026-02-25T12:29:00.299939,b8cc6487-5615-418b-a657-aecdf3ea1c86,client47@islamorada.com,Xena Barnes,vacation rental,514 Ocean Drive,Tavernier,FL,33070,2,1,2305,Waterfront with boat dock,active
prop-f9a1de30e163,2026-02-25T12:29:00.299973,b8cc6487-5615-418b-a657-aecdf3ea1c86,client47@islamorada.com,Xena Barnes,commercial,517 Tropical Way,Marathon,FL,33050,0,2,1636,Oceanfront property with pool,active
prop-3cc1e52b9ede,2026-02-25T12:29:00.300006,b8cc6487-5615-418b-a657-aecdf3ea1c86,client47@islamorada.com,Xena Barnes,vacation rental,520 Sailfish Lane,Key Largo,FL,33037,1,2,1002,Eco-friendly features,active
prop-66590be2d9ea,2026-02-25T12:29:00.300040,e5ef46a7-bf66-42bb-9dbd-c7663f53f581,client48@tavernier.com,Yale Ross,vacation rental,523 Pelican Avenue,Tavernier,FL,33070,5,2,1605,Pet-friendly property,active
prop-6b5df2b66a24,2026-02-25T12:29:00.300072,e5ef46a7-bf66-42bb-9dbd-c7663f53f581,client48@tavernier.com,Yale Ross,commercial,526 Island Road,Tavernier,FL,33070,0,2,3716,Waterfront with boat dock,active
prop-abf65d4cdb9d,2026-02-25T12:29:00.300105,bf36cdf0-0cf3-4df2-b653-b30e7ab15410,client49@keylargo.com,Yvonne Henderson,commercial,529 Beach Road,Marathon,FL,33050,0,2,3754,Eco-friendly features,active
prop-2a61e68e3c3d,2026-02-25T12:29:00.300138,bf36cdf0-0cf3-4df2-b653-b30e7ab15410,client49@keylargo.com,Yvonne Henderson,commercial,532 Dolphin Street,Islamorada,FL,33036,0,2,1958,Walking distance to beach,active
prop-9f2cf78ae92d,2026-02-25T12:29:00.300170,bf36cdf0-0cf3-4df2-b653-b30e7ab15410,client49@keylargo.com,Yvonne Henderson,commercial,535 Beach Road,Tavernier,FL,33070,0,1,1805,Pet-friendly property,active
prop-c1f69a9179b1,2026-02-25T12:29:00.300203,0d22ae43-f971-4251-8a48-5e9766a864b3,client50@marathon.com,Zachary Coleman,vacation rental,538 Harbor Lane,Tavernier,FL,33070,4,3,2422,Recently renovated,active
prop-b8c6e4619435,2026-02-25T12:29:00.300236,0d22ae43-f971-4251-8a48-5e9766a864b3,client50@marathon.com,Zachary Coleman,vacation rental,541 Island Road,Islamorada,FL,33036,4,2,1973,Waterfront with boat dock,active
prop-dc9853277895,2026-02-25T12:29:00.300269,ff9284f1-f8b3-46be-a973-d2a8284282ce,client51@bigpine.com,Abigail Russell,commercial,544 Island Road,Islamorada,FL,33036,0,2,3444,Walking distance to beach,active
prop-b082a376af6b,2026-02-25T12:29:00.300301,ff9284f1-f8b3-46be-a973-d2a8284282ce,client51@bigpine.com,Abigail Russell,residential,547 Tropical Way,Key West,FL,33040,4,1,1435,Oceanfront property with pool,active
prop-15254caef26e,2026-02-25T12:29:00.300334,ff9284f1-f8b3-46be-a973-d2a8284282ce,client51@bigpine.com,Abigail Russell,vacation rental,550 Palm Avenue,Tavernier,FL,33070,4,3,813,Gated community,active
prop-fe82337f126d,2026-02-25T12:29:00.300367,381d1686-89fd-405c-a094-838b0f95bf4c,client52@keywest.com,Brandon Griffin,residential,553 Tropical Way,Tavernier,FL,33070,2,1,1878,Walking distance to beach,active
prop-5915e045caae,2026-02-25T12:29:00.300399,381d1686-89fd-405c-a094-838b0f95bf4c,client52@keywest.com,Brandon Griffin,residential,556 Gulf View,Key Largo,FL,33037,4,1,1373,Golf course view,active
prop-3e1670b099eb,2026-02-25T12:29:00.300433,b31b8bcb-3571-4e8a-9d8e-21dd38b76f81,client53@islamorada.com,Courtney Diaz,residential,559 Beach Road,Key Largo,FL,33037,4,1,1443,Recently renovated,active
prop-0ab1d0e711ac,2026-02-25T12:29:00.300465,b31b8bcb-3571-4e8a-9d8e-21dd38b76f81,client53@islamorada.com,Courtney Diaz,vacation rental,562 Beach Road,Marathon,FL,33050,4,1,2297,Waterfront with boat dock,active
prop-21dcd91c6643,2026-02-25T12:29:00.300500,9d662b52-9d87-47dd-80fb-4530663bf17b,client54@tavernier.com,Dexter Hayes,vacation rental,565 Bayshore Drive,Big Pine Key,FL,33043,3,2,1295,Waterfront with boat dock,active
prop-87a942036806,2026-02-25T12:29:00.300533,9d662b52-9d87-47dd-80fb-4530663bf17b,client54@tavernier.com,Dexter Hayes,vacation rental,568 Ocean Drive,Big Pine Key,FL,33043,5,1,1246,Near shopping and dining,active
prop-c688b3ec73ba,2026-02-25T12:29:00.300566,9d662b52-9d87-47dd-80fb-4530663bf17b,client54@tavernier.com,Dexter Hayes,vacation rental,571 Ocean Drive,Key Largo,FL,33037,4,1,2390,Weekly rentals only,active
prop-98001f2fdcfd,2026-02-25T12:29:00.300612,923ebf4b-23e9-4639-b0bd-dca6815c2f07,client55@keylargo.com,Elaine Myers,residential,574 Reef Road,Islamorada,FL,33036,3,2,1674,Gated community,active
prop-c9c5d8a70e5f,2026-02-25T12:29:00.300641,923ebf4b-23e9-4639-b0bd-dca6815c2f07,client55@keylargo.com,Elaine Myers,residential,577 Reef Road,Key West,FL,33040,3,2,1770,Recently renovated,active
prop-efe01ff0eacb,2026-02-25T12:29:00.300670,e3e5a98c-680d-4ae6-bf99-f8e58e6cad63,client56@marathon.com,Francis Ford,vacation rental,580 Island Road,Marathon,FL,33050,3,3,2369,Pet-friendly property,active
prop-d673699cba5a,2026-02-25T12:29:00.300715,e3e5a98c-680d-4ae6-bf99-f8e58e6cad63,client56@marathon.com,Francis Ford,commercial,583 Lighthouse Way,Big Pine Key,FL,33043,0,1,4393,Walking distance to beach,active
prop-4e635682db05,2026-02-25T12:29:00.300998,21816d6b-e1c8-47e4-bf0d-1194c63f3c1a,client57@bigpine.com,Gloria Wells,commercial,586 Palm Avenue,Key West,FL,33040,0,2,4551,Eco-friendly features,active
prop-3bad260b5b63,2026-02-25T12:29:00.301271,21816d6b-e1c8-47e4-bf0d-1194c63f3c1a,client57@bigpine.com,Gloria Wells,vacation rental,589 Island Road,Key West,FL,33040,3,2,1170,Golf course view,active
prop-509ac8f86800,2026-02-25T12:29:00.301356,e5397bcd-d15f-4a2f-95c1-1737a5516c0b,client58@keywest.com,Howard Webb,residential,592 Marina Lane,Key West,FL,33040,2,2,1911,Weekly rentals only,active
prop-2e06764d3e94,2026-02-25T12:29:00.301463,53db5a47-33fd-4bc4-bc1a-7d66a4b5b67b,client59@islamorada.com,Iris Simpson,residential,595 Seaside Drive,Tavernier,FL,33070,3,1,1846,Waterfront with boat dock,active
prop-589a4cdc7d1b,2026-02-25T12:29:00.301519,53db5a47-33fd-4bc4-bc1a-7d66a4b5b67b,client59@islamorada.com,Iris Simpson,residential,598 Reef Road,Tavernier,FL,33070,4,2,1488,Walking distance to beach,active
prop-3bd7c1631396,2026-02-25T12:29:00.301596,268685db-3517-4a61-90c4-d7473b1a10f1,client60@tavernier.com,Jerome Porter,commercial,601 Tropical Way,Tavernier,FL,33070,0,1,2987,Eco-friendly features,active
prop-44a103b29f3e,2026-02-25T12:29:00.301648,268685db-3517-4a61-90c4-d7473b1a10f1,client60@tavernier.com,Jerome Porter,residential,604 Tropical Way,Key West,FL,33040,2,1,1323,Near shopping and dining,active
prop-39ffd3905d90,2026-02-25T12:29:00.301687,268685db-3517-4a61-90c4-d7473b1a10f1,client60@tavernier.com,Jerome Porter,commercial,607 Sunset Boulevard,Marathon,FL,33050,0,1,3909,Waterfront with boat dock,active
prop-52b13d879d85,2026-02-25T12:29:00.301726,2fc17f56-6b75-4bdc-a550-2434d1b1474d,client61@keylargo.com,Katherine Hunter,residential,610 Coral Way,Tavernier,FL,33070,2,2,1231,Walking distance to beach,active
prop-a0f594b756eb,2026-02-25T12:29:00.301761,2fc17f56-6b75-4bdc-a550-2434d1b1474d,client61@keylargo.com,Katherine Hunter,vacation rental,613 Gulf View,Tavernier,FL,33070,3,3,918,Walking distance to beach,active
prop-40f2a9efd568,2026-02-25T12:29:00.301796,e616404c-8c43-4867-854b-5a1ebbebcb66,client62@marathon.com,Leonard Jordan,vacation rental,616 Tropical Way,Key Largo,FL,33037,2,3,1866,Golf course view,active
prop-045ea64e3337,2026-02-25T12:29:00.301829,e616404c-8c43-4867-854b-5a1ebbebcb66,client62@marathon.com,Leonard Jordan,commercial,619 Dolphin Street,Tavernier,FL,33070,0,1,1763,Pet-friendly property,active
prop-a07ae0093f3b,2026-02-25T12:29:00.301861,d1f07781-5c06-44de-b603-311cbcb54272,client63@bigpine.com,Melody Reynolds,commercial,622 Tropical Way,Islamorada,FL,33036,0,2,2786,Pet-friendly property,active
prop-bcbdc9b5b7fd,2026-02-25T12:29:00.301893,df85ff26-85fd-481e-b536-19577c5938b6,client64@keywest.com,Nathan Hamilton,vacation rental,625 Palm Avenue,Key Largo,FL,33037,2,2,1732,Recently renovated,active
prop-62a23e9d2230,2026-02-25T12:29:00.301925,df85ff26-85fd-481e-b536-19577c5938b6,client64@keywest.com,Nathan Hamilton,vacation rental,628 Palm Avenue,Big Pine Key,FL,33043,2,1,2444,Pet-friendly property,active
prop-c366e99905bd,2026-02-25T12:29:00.301985,1327ab81-c182-4347-a00a-051f1e2a7166,client65@islamorada.com,Ophelia Grant,commercial,631 Dolphin Street,Islamorada,FL,33036,0,2,2206,Gated community,active
prop-88658a6d54e7,2026-02-25T12:29:00.302017,1327ab81-c182-4347-a00a-051f1e2a7166,client65@islamorada.com,Ophelia Grant,commercial,634 Lighthouse Way,Marathon,FL,33050,0,2,4220,Eco-friendly features,active
prop-be58a418326c,2026-02-25T12:29:00.302056,11d290c9-7e86-4130-a8ad-2d7f5730f0d4,vendor8@premier.com,Juan Sanchez,commercial,637 Paradise Drive,Big Pine Key,FL,33043,0,1,4140,Oceanfront property with pool,active
prop-e2ba781108fc,2026-02-25T12:29:00.302090,aba201f3-90af-4e4c-b46d-572220e4e565,vendor10@platinum.com,Luis Torres,residential,640 Marlin Drive,Big Pine Key,FL,33043,3,1,1203,Waterfront with boat dock,active
prop-440375329ac0,2026-02-25T12:29:00.302128,e3b5b979-3e4a-4d91-87cd-e2c6814a7aca,vendor23@bonded.com,Natalia Patel,vacation rental,643 Palm Avenue,Big Pine Key,FL,33043,4,1,1198,Recently renovated,active
prop-e85496224a3a,2026-02-25T12:29:00.302160,e9fe03e8-4ff7-452d-b773-7931b704d1c1,vendor24@insured.com,Ricardo Chen,residential,646 Reef Road,Key Largo,FL,33037,2,2,1969,Weekly rentals only,active
prop-0493fe64417b,2026-02-25T12:29:00.302194,3666f3f3-3d70-410e-9e90-39dd8e3c0641,vendor30@authorized.com,Roberto Tran,commercial,649 Island Road,Marathon,FL,33050,0,1,1504,Oceanfront property with pool,active
prop-3b106c15fcc6,2026-02-25T12:29:00.302224,5ed4a8fc-045e-4565-998b-5f014f220e69,vendor31@spotless.com,Elena Moreno,commercial,652 Marina Lane,Key West,FL,33040,0,2,1564,Gated community,active
prop-7e43a1c6ef29,2026-02-25T12:29:00.302265,1e954887-b348-4dc2-8990-966df3b99004,vendor41@elite.com,Fernanda Ramos,residential,655 Palm Avenue,Marathon,FL,33050,3,3,1118,Pet-friendly property,active
prop-d1e214d20fff,2026-02-25T12:29:00.302296,a5374d81-5fb8-47da-ba12-7e397be35ac2,vendor42@premier.com,Gustavo Mendez,residential,658 Reef Road,Key West,FL,33040,3,2,1062,Pet-friendly property,active
prop-49640dae6a95,2026-02-25T12:29:00.302326,9de6a335-346f-419c-b5fe-39c2820625da,vendor43@superior.com,Helena Navarro,residential,661 Paradise Drive,Tavernier,FL,33070,4,1,1061,Pet-friendly property,active
prop-e5b91d2e2543,2026-02-25T12:29:00.302357,7fc5ba87-4d6d-4af3-96a9-347e3f8107f9,vendor46@professional.com,Kevin Guzman,residential,664 Sunset Boulevard,Islamorada,FL,33036,2,3,1406,Oceanfront property with pool,active
prop-5d06fb5c3e03,2026-02-25T12:29:00.302389,47d06290-4de4-4821-b1ab-0af5f685fad3,vendor48@certified.com,Manuel Cortez,residential,667 Island Road,Key West,FL,33040,3,3,1156,Walking distance to beach,active
prop-7273d420c588,2026-02-25T12:29:00.302421,02e393b7-3bc3-41d1-9bf4-13d040ed670f,vendor50@bonded.com,Orlando Pacheco,residential,670 Seaside Drive,Tavernier,FL,33070,2,1,1170,Pet-friendly property,active
prop-0215e6ea5084,2026-02-25T12:29:00.302453,299dc252-2485-41ef-8946-1f6ecd900127,vendor54@registered.com,Santiago Ibarra,residential,673 Seaside Drive,Tavernier,FL,33070,4,3,1459,Recently renovated,active
prop-78b831bc34e6,2026-02-25T12:29:00.302486,070c7c3d-dc31-4e65-88d9-d838b95da923,vendor57@authorized.com,Viviana Carrillo,commercial,676 Beach Road,Tavernier,FL,33070,0,2,3019,Gated community,active
prop-5f14908483ba,2026-02-25T12:29:00.302517,34846b55-bc7b-49f6-b77b-4df1d5c422a4,vendor58@reliable.com,Wilfredo Bautista,commercial,679 Paradise Drive,Islamorada,FL,33036,0,2,1586,Waterfront with boat dock,active
