quote_id,created_at,contact_id,customer_email,customer_name,property_id,property_address,service_type,square_feet,num_bedrooms,num_bathrooms,frequency,quoted_amount,valid_until,status,notes
quote-8af6c37d9ce0,2026-02-25T12:31:43.836736,055b9c25-4ddf-4de3-8891-28772d007903,john.doe1@gmail.com,John Doe,prop-abdd370d0479,100 Pelican Avenue,regular cleaning,3837,0,1,weekly,365.50,2026-04-24,accepted,Professional team assigned
quote-b39d9fe9e90f,2026-02-25T12:31:43.836978,20110aac-2b1e-4099-9182-b2963a7f4692,sarah.smith2@yahoo.com,Sarah Smith,prop-7c15a1a273c7,103 Island Road,deep cleaning,2116,4,3,bi-weekly,585.00,2026-04-24,accepted,Professional team assigned
quote-d43297df5c31,2026-02-25T12:31:43.837056,85d53864-184f-4285-90c7-75433a66734b,mike.jones3@outlook.com,Mike Jones,prop-e2514c157cff,106 Harbor Lane,turnover cleaning,1161,1,3,weekly,297.50,2026-05-11,accepted,Recurring service discount
quote-e6ff37e36dd3,2026-02-25T12:31:43.837108,fdcd7111-6127-4fd5-a345-eed1291c8e93,lisa.brown4@gmail.com,Lisa Brown,prop-ce64c65767cc,109 Ocean Drive,deep cleaning,2123,2,1,bi-weekly,441.00,2026-04-14,accepted,Includes all supplies
quote-80e37a3727f1,2026-02-25T12:31:43.837156,fdcd7111-6127-4fd5-a345-eed1291c8e93,lisa.brown4@gmail.com,Lisa Brown,prop-55431b4ede06,112 Beach Road,regular cleaning,1368,2,1,bi-weekly,274.50,2026-05-14,accepted,Includes eco-friendly products
quote-b735f5c9f316,2026-02-25T12:31:43.837199,5de632a0-94aa-49da-abd9-1451f2d8b61c,tom.wilson5@hotmail.com,Tom Wilson,prop-9ad5a4a361a6,115 Paradise Drive,regular cleaning,1282,4,2,monthly,375.25,2026-04-12,accepted,Quality guarantee included
quote-aa0283d2f592,2026-02-25T12:31:43.837244,ccc5b9ea-9495-41cf-b73f-0c2e2619f718,mary.davis6@gmail.com,Mary Davis,prop-93454fe4ffa5,118 Reef Road,regular cleaning,1657,2,3,bi-weekly,342.00,2026-04-07,accepted,Satisfaction guaranteed
quote-35b22d6922eb,2026-02-25T12:31:43.837286,7a4ff376-3464-4e3d-9b48-cbb9a0530506,james.miller7@yahoo.com,James Miller,prop-e7d1d6b3f0c9,121 Sailfish Lane,turnover cleaning,963,2,2,bi-weekly,310.50,2026-04-22,accepted,Quality guarantee included
quote-c00fdd1eb9cb,2026-02-25T12:31:43.837488,6b61f7c4-e7f5-49a6-a600-67a1e69582ce,patricia.garcia8@gmail.com,Patricia Garcia,prop-e010a625f089,124 Conch Street,deep cleaning,2645,0,2,monthly,451.25,2026-03-29,accepted,Quality guarantee included
quote-59957bd41c32,2026-02-25T12:31:43.837723,f86a8415-a5f1-4bf9-ad9b-777b78f0fc85,robert.martinez9@outlook.com,Robert Martinez,prop-580700aa360d,127 Harbor Lane,deep cleaning,2004,0,1,bi-weekly,342.00,2026-05-03,accepted,Recurring service discount
quote-f05e4fe7f734,2026-02-25T12:31:43.837986,c39fcf83-ff0d-449a-9596-023371b4268b,jennifer.rodriguez10@gmail.com,Jennifer Rodriguez,prop-8b371132c6f5,130 Lighthouse Way,regular cleaning,1355,4,3,weekly,361.25,2026-05-26,accepted,Includes all supplies
quote-366985973dcb,2026-02-25T12:31:43.838082,7ccb04a2-283c-4bb2-8099-ce68142dd1a5,michael.hernandez11@yahoo.com,Michael Hernandez,prop-126b99892346,133 Marina Lane,standard cleaning,1238,3,1,monthly,270.75,2026-05-16,accepted,Includes eco-friendly products
quote-6e82cd961830,2026-02-25T12:31:43.838150,eab01457-a2fe-4526-b847-3b138ad3a994,linda.lopez12@gmail.com,Linda Lopez,prop-8aac103d62cb,136 Gulf View,deep cleaning,906,2,2,weekly,340.00,2026-04-12,accepted,Quality guarantee included
quote-5254caea3552,2026-02-25T12:31:43.838200,eab01457-a2fe-4526-b847-3b138ad3a994,linda.lopez12@gmail.com,Linda Lopez,prop-c9ba096ea083,139 Island Road,deep cleaning,2531,0,1,weekly,369.75,2026-05-11,accepted,Satisfaction guaranteed
quote-e08394a21255,2026-02-25T12:31:43.838246,e204956b-7903-49e5-b45a-98e53b744fdc,david.gonzalez13@hotmail.com,David Gonzalez,prop-4831bfa46a3f,142 Coral Way,deep cleaning,1884,0,2,monthly,380.00,2026-05-19,accepted,All equipment provided
quote-09adba66bbf4,2026-02-25T12:31:43.838287,b4227377-5882-4050-9abd-2f99733864b9,barbara.perez14@gmail.com,Barbara Perez,prop-e064ed7adb7b,145 Coral Way,deep cleaning,1141,1,1,weekly,293.25,2026-05-12,accepted,Professional team assigned
quote-05220d736202,2026-02-25T12:31:43.838339,5106524e-9bd3-4293-986d-dc7412b2720a,william.sanchez15@yahoo.com,William Sanchez,prop-426ccb6af6aa,148 Lighthouse Way,regular cleaning,2176,0,2,bi-weekly,292.50,2026-04-23,accepted,Includes all supplies
quote-c7a80390d755,2026-02-25T12:31:43.838435,6ba66075-365b-40f8-acb4-96e3c39c48a0,elizabeth.ramirez16@gmail.com,Elizabeth Ramirez,prop-70f75c5d1735,151 Paradise Drive,deep cleaning,2359,0,1,bi-weekly,373.50,2026-04-17,accepted,Quality guarantee included
quote-849fa1306581,2026-02-25T12:31:43.838489,2e4f4800-4640-4a04-844c-b719df7d0f99,richard.torres17@outlook.com,Richard Torres,prop-a18f30f2f9bd,154 Gulf View,deep cleaning,2359,1,2,bi-weekly,445.50,2026-05-09,accepted,Premium service package
quote-5cb6f4cd10fe,2026-02-25T12:31:43.838533,2e4f4800-4640-4a04-844c-b719df7d0f99,richard.torres17@outlook.com,Richard Torres,prop-7aca2ac20759,157 Marlin Drive,standard cleaning,1935,2,2,weekly,276.25,2026-03-27,accepted,Special discount applied
quote-7dda627632d4,2026-02-25T12:31:43.838573,32ba16fc-a96b-4496-ab85-084fad6ec54f,susan.flores18@gmail.com,Susan Flores,prop-79d1628a9f04,160 Coral Way,regular cleaning,2443,0,2,weekly,293.25,2026-04-07,accepted,Includes all supplies
quote-18baff75e096,2026-02-25T12:31:43.838615,e4530a3e-4131-4fac-ba43-8427ccdd9cd6,joseph.rivera19@hotmail.com,Joseph Rivera,prop-5dc82ed7645b,163 Dolphin Street,deep cleaning,3232,0,2,weekly,454.75,2026-05-23,accepted,Quality guarantee included
quote-5b5bf7e0b3f6,2026-02-25T12:31:43.838654,e4530a3e-4131-4fac-ba43-8427ccdd9cd6,joseph.rivera19@hotmail.com,Joseph Rivera,prop-872ab2f3641b,166 Island Road,regular cleaning,4356,0,2,monthly,475.00,2026-05-20,accepted,Premium service package
quote-8705c3a3fd15,2026-02-25T12:31:43.838695,4032c297-7249-4cc2-af33-b886a3edab87,jessica.gomez20@gmail.com,Jessica Gomez,prop-cc697f9fd587,169 Lighthouse Way,turnover cleaning,2368,4,2,weekly,467.50,2026-05-20,accepted,Flexible scheduling available
quote-80701c41cccf,2026-02-25T12:31:43.838736,93444129-1fbf-454f-9776-ec051aa077b9,thomas.diaz21@yahoo.com,Thomas Diaz,prop-01c9811e9c0b,172 Ocean Drive,deep cleaning,1820,2,2,bi-weekly,441.00,2026-04-30,accepted,Flexible scheduling available
quote-aab1b2a2c28e,2026-02-25T12:31:43.838775,c7ffb116-b937-482d-934c-3e49fabe951e,sarah.cruz22@gmail.com,Sarah Cruz,prop-ea5d2c3f1c49,175 Dolphin Street,standard cleaning,1852,2,2,monthly,304.00,2026-05-13,accepted,All equipment provided
quote-617ad1f12513,2026-02-25T12:31:43.838818,c7ffb116-b937-482d-934c-3e49fabe951e,sarah.cruz22@gmail.com,Sarah Cruz,prop-f450032c5e07,178 Paradise Drive,regular cleaning,3626,0,1,monthly,394.25,2026-03-30,accepted,Flexible scheduling available
quote-60ad77182d26,2026-02-25T12:31:43.838856,78fd55dc-c4ed-4716-80ca-e93e48d9025b,charles.reyes23@outlook.com,Charles Reyes,prop-725d34aae8bf,181 Pelican Avenue,deep cleaning,2547,0,2,weekly,395.25,2026-04-02,accepted,Premium service package
quote-4fcdc3c9aaab,2026-02-25T12:31:43.838896,1c5f7399-17d1-4a2c-b189-6ee1865bd553,nancy.morales24@gmail.com,Nancy Morales,prop-168675b8d713,184 Ocean Drive,standard cleaning,1027,3,2,bi-weekly,261.00,2026-04-29,accepted,Premium service package
quote-4764f92e70e7,2026-02-25T12:31:43.838938,f7355cf3-15c1-4371-98f8-566da3b42d99,daniel.jimenez25@hotmail.com,Daniel Jimenez,prop-324e59b02233,187 Paradise Drive,regular cleaning,3021,0,1,bi-weekly,328.50,2026-04-12,accepted,Includes all supplies
quote-f9cb7238949a,2026-02-25T12:31:43.838982,34db7671-ccd6-4753-89a9-ec6635405c19,karen.ortiz26@gmail.com,Karen Ortiz,prop-fbfb189da95d,190 Marina Lane,regular cleaning,1813,0,1,monthly,256.50,2026-05-07,accepted,Recurring service discount
quote-8b824936e72f,2026-02-25T12:31:43.839022,137e7990-0bad-4ce9-98d5-c201b295c22b,matthew.castillo27@yahoo.com,Matthew Castillo,prop-7e7e1c5ee1c7,193 Gulf View,regular cleaning,4329,0,1,weekly,399.50,2026-04-20,accepted,Includes all supplies
quote-3b820f629940,2026-02-25T12:31:43.839063,411ed208-944f-41ff-bc4e-17ae07ca2556,betty.nguyen28@gmail.com,Betty Nguyen,prop-25cc99189768,196 Coral Way,standard cleaning,1362,3,2,monthly,299.25,2026-05-23,accepted,Flexible scheduling available
quote-96de80e643bf,2026-02-25T12:31:43.839123,86863528-db69-4ac0-91b0-c8cf5790d94a,anthony.kim29@outlook.com,Anthony Kim,prop-bed7e5afd6d0,199 Harbor Lane,regular cleaning,2730,0,1,weekly,293.25,2026-05-06,accepted,Satisfaction guaranteed
quote-d0d765e1e166,2026-02-25T12:31:43.839159,e7cd48b0-41b8-46a6-a38b-b84fbd213d08,margaret.patel30@gmail.com,Margaret Patel,prop-69bced4228d1,202 Gulf View,deep cleaning,2937,0,2,bi-weekly,454.50,2026-05-12,accepted,Professional team assigned
quote-6c37042b4a67,2026-02-25T12:31:43.839194,3e7e65ce-2e09-4d1e-9158-e8e04228d7c9,mark.chen31@hotmail.com,Mark Chen,prop-34cffcbb28d4,205 Marina Lane,regular cleaning,1452,4,2,bi-weekly,364.50,2026-03-28,accepted,Includes all supplies
quote-265c470dab16,2026-02-25T12:31:43.839229,2aec5ac9-ead6-41b0-a33a-200821185011,dorothy.lee32@gmail.com,Dorothy Lee,prop-5f73320cc7bb,208 Palm Avenue,deep cleaning,4185,0,1,weekly,510.00,2026-04-25,accepted,Special discount applied
quote-a662dd4400e7,2026-02-25T12:31:43.839264,0178e10e-5ef5-4ade-9554-d4b91d0b21e6,donald.wang33@yahoo.com,Donald Wang,prop-9692b557575a,211 Paradise Drive,regular cleaning,4888,0,1,monthly,489.25,2026-05-11,accepted,Premium service package
quote-a7e8870a67a9,2026-02-25T12:31:43.839298,90050fd7-1dc9-46d2-be32-82d6a848bf26,lisa.singh34@gmail.com,Lisa Singh,prop-e5de157ad314,214 Reef Road,standard cleaning,1416,4,1,bi-weekly,297.00,2026-05-21,accepted,Satisfaction guaranteed
quote-6a904e22c4fd,2026-02-25T12:31:43.839333,bd48e122-32ae-4616-b43a-46c0749840cb,steven.shah35@outlook.com,Steven Shah,prop-d3af4fd9075f,217 Tropical Way,deep cleaning,1661,5,3,weekly,556.75,2026-04-02,accepted,All equipment provided
quote-f05596d8a748,2026-02-25T12:31:43.839368,076ac15e-50ba-4d1b-a713-5990a2fdb41d,client1@keylargo.com,Amanda Johnson,prop-55a4b2195af1,220 Bayshore Drive,deep cleaning,4921,0,2,monthly,665.00,2026-05-09,accepted,Includes eco-friendly products
quote-92ae690e60f8,2026-02-25T12:31:43.839402,076ac15e-50ba-4d1b-a713-5990a2fdb41d,client1@keylargo.com,Amanda Johnson,prop-8a4d31e1b7ff,223 Coral Way,regular cleaning,3296,0,1,monthly,370.50,2026-04-18,accepted,Satisfaction guaranteed
quote-01f5e123e3bd,2026-02-25T12:31:43.839437,8ae0d98a-5df1-4d3c-871c-d1a0d9e7ab0e,client2@marathon.com,Brian Thompson,prop-2d4c4a26863f,226 Sailfish Lane,turnover cleaning,995,3,1,weekly,306.00,2026-05-05,accepted,Quality guarantee included
quote-c04f64b67941,2026-02-25T12:31:43.839472,8ae0d98a-5df1-4d3c-871c-d1a0d9e7ab0e,client2@marathon.com,Brian Thompson,prop-17d8192d5bfa,229 Coral Way,deep cleaning,2363,1,3,weekly,446.25,2026-04-21,accepted,Premium service package
quote-c8426eeada7d,2026-02-25T12:31:43.839507,c51e45be-2c23-4f08-aeb6-c654e2af0ee7,client3@bigpine.com,Christina White,prop-5900498a78a0,232 Lighthouse Way,deep cleaning,2424,5,2,bi-weekly,630.00,2026-05-24,accepted,Premium service package
quote-4895d5fe3419,2026-02-25T12:31:43.839541,c51e45be-2c23-4f08-aeb6-c654e2af0ee7,client3@bigpine.com,Christina White,prop-26a6b7bdb7e0,235 Coral Way,regular cleaning,1643,3,3,weekly,348.50,2026-04-19,accepted,Premium service package
quote-d0ddb5adcaae,2026-02-25T12:31:43.839576,c51e45be-2c23-4f08-aeb6-c654e2af0ee7,client3@bigpine.com,Christina White,prop-4ee823d03558,238 Tropical Way,turnover cleaning,1833,3,2,weekly,391.00,2026-05-18,accepted,All equipment provided
quote-5e548428051b,2026-02-25T12:31:43.839610,c38d9240-eb7a-4944-9ea5-0367aa2c2d9a,client4@keywest.com,Derek Harris,prop-5130e4a36d0f,241 Reef Road,deep cleaning,1378,4,2,bi-weekly,495.00,2026-05-20,accepted,Special discount applied
quote-1a3c211e4442,2026-02-25T12:31:43.839645,958c8d20-d044-4407-ba58-00e5249b52e0,client5@islamorada.com,Emily Martin,prop-4249ffa575ef,244 Pelican Avenue,regular cleaning,1005,3,1,bi-weekly,279.00,2026-04-28,accepted,Recurring service discount
quote-0513de32f9df,2026-02-25T12:31:43.839680,958c8d20-d044-4407-ba58-00e5249b52e0,client5@islamorada.com,Emily Martin,prop-762970de3f71,247 Conch Street,deep cleaning,3350,0,1,weekly,437.75,2026-04-06,accepted,Flexible scheduling available
quote-e67c4b2d0115,2026-02-25T12:31:43.839733,958c8d20-d044-4407-ba58-00e5249b52e0,client5@islamorada.com,Emily Martin,prop-5fdd8c43fcb5,250 Pelican Avenue,deep cleaning,3399,0,2,bi-weekly,495.00,2026-05-21,accepted,All equipment provided
quote-34ca1326e23e,2026-02-25T12:31:43.839770,ed27fa7d-e2ee-4759-902f-e058de42120c,client6@tavernier.com,Frank Thompson,prop-2e4254dbbf11,253 Bayshore Drive,regular cleaning,1450,4,3,monthly,408.50,2026-05-08,accepted,Quality guarantee included
quote-6ee86c1db588,2026-02-25T12:31:43.839810,ed27fa7d-e2ee-4759-902f-e058de42120c,client6@tavernier.com,Frank Thompson,prop-a0ab6260b547,256 Bayshore Drive,regular cleaning,1580,3,2,bi-weekly,342.00,2026-04-01,accepted,Professional team assigned
quote-177192eeba54,2026-02-25T12:31:43.839847,28197b4e-06ca-4f29-a00e-92b770bda15d,client7@keylargo.com,Grace Anderson,prop-107ee583b553,259 Beach Road,deep cleaning,1204,2,1,bi-weekly,360.00,2026-05-01,accepted,Satisfaction guaranteed
quote-6fc84b1a99e9,2026-02-25T12:31:43.839885,28197b4e-06ca-4f29-a00e-92b770bda15d,client7@keylargo.com,Grace Anderson,prop-39c920324e33,262 Tropical Way,regular cleaning,4225,0,2,bi-weekly,441.00,2026-04-18,accepted,Quality guarantee included
quote-c25355b7c641,2026-02-25T12:31:43.839923,9a01960d-ab81-4344-b797-98562694c927,client8@marathon.com,Henry Jackson,prop-ae3ac6bd8bb7,265 Seaside Drive,standard cleaning,1186,4,1,bi-weekly,283.50,2026-04-19,accepted,Special discount applied
quote-61d9402f5c07,2026-02-25T12:31:43.839960,9a01960d-ab81-4344-b797-98562694c927,client8@marathon.com,Henry Jackson,prop-e30f2b9b9d68,268 Lighthouse Way,turnover cleaning,1840,2,3,bi-weekly,405.00,2026-04-11,accepted,Includes all supplies
quote-ac205f22a5c2,2026-02-25T12:31:43.839998,9a01960d-ab81-4344-b797-98562694c927,client8@marathon.com,Henry Jackson,prop-5f39e3d49ae2,271 Marina Lane,deep cleaning,975,3,2,bi-weekly,414.00,2026-05-02,accepted,Recurring service discount
quote-fc8d76117f97,2026-02-25T12:31:43.840036,f496f754-f4eb-4d26-8c0f-eaf592c59b80,client9@bigpine.com,Irene Taylor,prop-8c52e740bbfd,274 Marina Lane,deep cleaning,1561,3,3,bi-weekly,490.50,2026-04-08,accepted,Includes all supplies
quote-b3d6d0353b21,2026-02-25T12:31:43.840072,f496f754-f4eb-4d26-8c0f-eaf592c59b80,client9@bigpine.com,Irene Taylor,prop-6a3b75a25948,277 Marina Lane,regular cleaning,1686,4,2,weekly,361.25,2026-04-30,accepted,Professional team assigned
quote-3f91969331f3,2026-02-25T12:31:43.840110,e4987c07-1a5f-4aa8-be90-b5c738343bfb,client10@keywest.com,Jason Moore,prop-34c0a75f1f32,280 Palm Avenue,regular cleaning,3795,0,1,bi-weekly,387.00,2026-05-25,accepted,Includes eco-friendly products
quote-20633f839dfe,2026-02-25T12:31:43.840146,e4987c07-1a5f-4aa8-be90-b5c738343bfb,client10@keywest.com,Jason Moore,prop-85c22b3dc353,283 Bayshore Drive,deep cleaning,947,1,2,weekly,301.75,2026-03-27,accepted,Professional team assigned
quote-d22df1b4acf6,2026-02-25T12:31:43.840183,659cd62d-cfe6-49ae-979b-fc8ef3f8f472,client11@islamorada.com,Kelly Thomas,prop-766d8ec6c2cc,286 Beach Road,turnover cleaning,1542,1,1,weekly,276.25,2026-05-07,accepted,Professional team assigned
quote-854ead3be278,2026-02-25T12:31:43.840219,659cd62d-cfe6-49ae-979b-fc8ef3f8f472,client11@islamorada.com,Kelly Thomas,prop-7977ea8c87ac,289 Pelican Avenue,turnover cleaning,894,5,2,weekly,386.75,2026-05-05,accepted,Recurring service discount
quote-09daf48e5ec3,2026-02-25T12:31:43.840256,0d6ce7db-16d7-4f0e-a5e2-80b6a8689d5b,client12@tavernier.com,Larry Robinson,prop-37ca5c159a89,292 Pelican Avenue,deep cleaning,1895,1,1,weekly,357.00,2026-04-24,accepted,Special discount applied
quote-888f382fab11,2026-02-25T12:31:43.840293,0d6ce7db-16d7-4f0e-a5e2-80b6a8689d5b,client12@tavernier.com,Larry Robinson,prop-904c2d3a5462,295 Sailfish Lane,deep cleaning,1074,4,1,bi-weekly,436.50,2026-04-20,accepted,Includes all supplies
quote-f5bc39c0ddcc,2026-02-25T12:31:43.840329,a32fded6-1a22-4958-89b1-ead9a09c91a9,client13@keylargo.com,Monica Walker,prop-638c3b69ac2e,298 Marina Lane,deep cleaning,1313,5,2,weekly,501.50,2026-05-06,accepted,Professional team assigned
quote-a8df1cd4aac9,2026-02-25T12:31:43.840380,a32fded6-1a22-4958-89b1-ead9a09c91a9,client13@keylargo.com,Monica Walker,prop-b6c5c56076f0,301 Ocean Drive,standard cleaning,1316,4,2,bi-weekly,306.00,2026-04-23,accepted,Includes all supplies
quote-debc2e01d516,2026-02-25T12:31:43.840417,a32fded6-1a22-4958-89b1-ead9a09c91a9,client13@keylargo.com,Monica Walker,prop-2d03f6ea316b,304 Marina Lane,deep cleaning,2849,0,1,weekly,395.25,2026-05-03,accepted,Satisfaction guaranteed
quote-46e11514c9a6,2026-02-25T12:31:43.840449,2c427c44-d810-4617-94ed-03a0bd31d65d,client14@marathon.com,Nathan Hall,prop-41850f18f4ce,307 Seaside Drive,regular cleaning,2704,0,1,monthly,323.00,2026-04-05,accepted,Recurring service discount
quote-6b480946df9b,2026-02-25T12:31:43.840481,2c427c44-d810-4617-94ed-03a0bd31d65d,client14@marathon.com,Nathan Hall,prop-8577bb1c9cdd,310 Pelican Avenue,turnover cleaning,1379,4,1,weekly,365.50,2026-03-30,accepted,Recurring service discount
quote-51cd8879fac9,2026-02-25T12:31:43.840514,2c427c44-d810-4617-94ed-03a0bd31d65d,client14@marathon.com,Nathan Hall,prop-acaa7732d8af,313 Dolphin Street,deep cleaning,4022,0,1,bi-weekly,522.00,2026-05-04,accepted,Recurring service discount
quote-b041b82c1b5e,2026-02-25T12:31:43.840546,2b83f38d-7a98-4569-987a-609f22dd413c,client15@bigpine.com,Olivia Allen,prop-0a7cd5cdf889,316 Seaside Drive,regular cleaning,1952,3,1,weekly,327.25,2026-05-01,accepted,Premium service package
quote-34bac8d4bc21,2026-02-25T12:31:43.840579,2b83f38d-7a98-4569-987a-609f22dd413c,client15@bigpine.com,Olivia Allen,prop-6564a742457c,319 Marina Lane,standard cleaning,1110,3,1,weekly,238.00,2026-05-25,accepted,Quality guarantee included
quote-ac87d7cecbf0,2026-02-25T12:31:43.840612,2b83f38d-7a98-4569-987a-609f22dd413c,client15@bigpine.com,Olivia Allen,prop-e657b6a6e213,322 Palm Avenue,regular cleaning,1748,4,2,weekly,365.50,2026-05-17,accepted,Premium service package
quote-88c9a6e6aef3,2026-02-25T12:31:43.840648,b0308d40-23e2-4559-8b93-9cea0fb45e9f,client16@keywest.com,Patrick Young,prop-1ef07e25884f,325 Pelican Avenue,deep cleaning,1828,2,2,weekly,420.75,2026-05-01,accepted,Professional team assigned
quote-e092e55079eb,2026-02-25T12:31:43.840690,b0308d40-23e2-4559-8b93-9cea0fb45e9f,client16@keywest.com,Patrick Young,prop-cb5eba58a902,328 Gulf View,standard cleaning,1412,2,2,bi-weekly,261.00,2026-05-09,accepted,Includes all supplies
quote-b4a26ca13c1e,2026-02-25T12:31:43.840737,d7e4b3d3-f599-4406-ad6a-04cd7bb4a117,client17@islamorada.com,Quinn King,prop-661b0e7e1e2a,331 Bayshore Drive,turnover cleaning,1260,4,1,weekly,357.00,2026-04-05,accepted,Satisfaction guaranteed
quote-f47ee158e4b1,2026-02-25T12:31:43.840769,d7e4b3d3-f599-4406-ad6a-04cd7bb4a117,client17@islamorada.com,Quinn King,prop-ec9a40f8c749,334 Pelican Avenue,deep cleaning,3935,0,2,bi-weekly,544.50,2026-05-15,accepted,Premium service package
quote-d16397d838c1,2026-02-25T12:31:43.840801,0a8798f7-ae23-4c22-9ca3-3c4236bf6d4b,client18@tavernier.com,Rachel Wright,prop-e2192cf4332c,337 Reef Road,regular cleaning,1542,0,1,monthly,237.50,2026-04-21,accepted,Quality guarantee included
quote-d00fa3073736,2026-02-25T12:31:43.840837,0a8798f7-ae23-4c22-9ca3-3c4236bf6d4b,client18@tavernier.com,Rachel Wright,prop-edf17df1084f,340 Tropical Way,deep cleaning,4388,0,1,bi-weekly,558.00,2026-04-29,accepted,Satisfaction guaranteed
quote-31e75cd4193b,2026-02-25T12:31:43.840871,0169d2ec-2cf0-4609-aef2-6009141d0b02,client19@keylargo.com,Samuel Scott,prop-c92f2a871445,343 Island Road,turnover cleaning,1458,4,3,weekly,420.75,2026-04-08,accepted,All equipment provided
quote-94b84347a0f1,2026-02-25T12:31:43.840904,0169d2ec-2cf0-4609-aef2-6009141d0b02,client19@keylargo.com,Samuel Scott,prop-c8458387e629,346 Paradise Drive,turnover cleaning,967,3,3,weekly,348.50,2026-04-27,accepted,Quality guarantee included
quote-10c049d2e24c,2026-02-25T12:31:43.840938,0169d2ec-2cf0-4609-aef2-6009141d0b02,client19@keylargo.com,Samuel Scott,prop-a8d78fbff41a,349 Bayshore Drive,standard cleaning,1293,3,2,monthly,294.50,2026-05-09,accepted,Includes all supplies
quote-7e9e706cee2d,2026-02-25T12:31:43.840986,5da97626-5507-488a-8e4e-0686faa4f2f9,client20@marathon.com,Tina Green,prop-3d6355cd9b98,352 Sailfish Lane,standard cleaning,1361,4,3,weekly,310.25,2026-04-21,accepted,Recurring service discount
quote-bda847f4b69d,2026-02-25T12:31:43.841021,88d9cda4-d24e-4945-9dec-a75412ea6ce3,client21@bigpine.com,Victor Adams,prop-ed628616e7c3,355 Dolphin Street,regular cleaning,4157,0,1,weekly,391.00,2026-05-12,accepted,Special discount applied
quote-7990ec5a7a7d,2026-02-25T12:31:43.841054,5228bc08-22e6-42dc-8519-0d7a71201727,client22@keywest.com,Wendy Baker,prop-406994944b0d,358 Lighthouse Way,standard cleaning,1593,4,1,bi-weekly,306.00,2026-05-21,accepted,Special discount applied
quote-3e5102948c7e,2026-02-25T12:31:43.841087,5228bc08-22e6-42dc-8519-0d7a71201727,client22@keywest.com,Wendy Baker,prop-185b5822f5c4,361 Bayshore Drive,standard cleaning,1609,3,3,weekly,301.75,2026-04-06,accepted,Satisfaction guaranteed
quote-cc7bbb3ca651,2026-02-25T12:31:43.841121,5228bc08-22e6-42dc-8519-0d7a71201727,client22@keywest.com,Wendy Baker,prop-950b56193782,364 Bayshore Drive,deep cleaning,4261,0,2,weekly,539.75,2026-04-16,accepted,All equipment provided
quote-03a247466673,2026-02-25T12:31:43.841155,858d0b74-cba7-4708-8bb9-c908a308863e,client23@islamorada.com,Xavier Nelson,prop-b2b0690b3554,367 Pelican Avenue,deep cleaning,960,2,3,bi-weekly,391.50,2026-05-06,accepted,Satisfaction guaranteed
quote-a15eb3c5bb2f,2026-02-25T12:31:43.841189,858d0b74-cba7-4708-8bb9-c908a308863e,client23@islamorada.com,Xavier Nelson,prop-715eb0c6e27c,370 Marlin Drive,deep cleaning,909,5,2,weekly,467.50,2026-05-02,accepted,Special discount applied
quote-8ccb3576276a,2026-02-25T12:31:43.841222,858d0b74-cba7-4708-8bb9-c908a308863e,client23@islamorada.com,Xavier Nelson,prop-f130837fd1b8,373 Ocean Drive,regular cleaning,3680,0,1,bi-weekly,378.00,2026-04-04,accepted,Includes all supplies
quote-7c3c345862ae,2026-02-25T12:31:43.841255,6d435c0b-32a0-473e-ac79-e359b1f7fa94,client24@tavernier.com,Yolanda Carter,prop-b59ca2b8c76c,376 Paradise Drive,deep cleaning,2277,0,1,monthly,389.50,2026-05-26,accepted,All equipment provided
quote-6aba378eb2f3,2026-02-25T12:31:43.841291,34a0ec80-1c96-4f3c-9368-64ce9519d54d,client25@keylargo.com,Zachary Mitchell,prop-2d1a48f855bc,379 Gulf View,regular cleaning,1135,4,2,monthly,361.00,2026-04-14,accepted,Special discount applied
quote-7ea7e787dd87,2026-02-25T12:31:43.841325,34a0ec80-1c96-4f3c-9368-64ce9519d54d,client25@keylargo.com,Zachary Mitchell,prop-34de0732a04e,382 Paradise Drive,standard cleaning,1287,3,3,weekly,280.50,2026-05-17,accepted,Includes eco-friendly products
quote-f7711ead0c96,2026-02-25T12:31:43.841359,23890d4a-5c34-47e2-8609-d26e5d2ce945,client26@marathon.com,Alice Perez,prop-a9c59d529244,385 Paradise Drive,regular cleaning,1593,3,2,monthly,361.00,2026-05-04,accepted,Special discount applied
quote-ccaca8a7b57d,2026-02-25T12:31:43.841397,b8011e3a-09b5-49fa-beb8-469593554082,client27@bigpine.com,Benjamin Roberts,prop-bbbc88709ed0,388 Coral Way,regular cleaning,1106,2,3,bi-weekly,301.50,2026-04-20,accepted,All equipment provided
quote-9cf8b618b449,2026-02-25T12:31:43.841430,b8011e3a-09b5-49fa-beb8-469593554082,client27@bigpine.com,Benjamin Roberts,prop-74300b3e5aa0,391 Reef Road,turnover cleaning,1798,2,2,bi-weekly,378.00,2026-04-15,accepted,Includes all supplies
quote-dd87fc6e0967,2026-02-25T12:31:43.841463,b8011e3a-09b5-49fa-beb8-469593554082,client27@bigpine.com,Benjamin Roberts,prop-ea059fa24b6e,394 Beach Road,standard cleaning,1077,3,3,weekly,267.75,2026-04-15,accepted,Premium service package
quote-6b96f74db043,2026-02-25T12:31:43.841497,633f8f5a-9540-46c9-9a0e-ac5974fd4213,client28@keywest.com,Catherine Turner,prop-aee6beb16a7c,397 Ocean Drive,regular cleaning,4507,0,2,monthly,484.50,2026-05-23,accepted,Premium service package
quote-c809b0731b1a,2026-02-25T12:31:43.841530,633f8f5a-9540-46c9-9a0e-ac5974fd4213,client28@keywest.com,Catherine Turner,prop-16ead69ee794,400 Sailfish Lane,regular cleaning,1501,3,2,monthly,356.25,2026-05-21,accepted,Quality guarantee included
quote-4b944d9c774a,2026-02-25T12:31:43.841581,c305a963-6182-4e96-862b-8903677bd1cc,client29@islamorada.com,Dylan Phillips,prop-3187290e7403,403 Marina Lane,deep cleaning,1721,3,2,weekly,450.50,2026-04-06,accepted,Professional team assigned
quote-e77dbcdbda32,2026-02-25T12:31:43.841615,c305a963-6182-4e96-862b-8903677bd1cc,client29@islamorada.com,Dylan Phillips,prop-a6c28f62e9ac,406 Tropical Way,deep cleaning,1138,4,2,bi-weekly,472.50,2026-05-01,accepted,Satisfaction guaranteed
quote-739e3d0f3395,2026-02-25T12:31:43.841649,3546465f-9772-41e1-9cc9-b288c47c2325,client30@tavernier.com,Emma Campbell,prop-af0e51e55ef0,409 Marlin Drive,turnover cleaning,1077,2,3,weekly,323.00,2026-03-28,accepted,Flexible scheduling available
quote-2a6f05a47236,2026-02-25T12:31:43.841682,b179c130-da0c-4604-b4c8-e5cf8bab4289,client31@keylargo.com,Felix Parker,prop-68552e4d5662,412 Gulf View,standard cleaning,1597,4,3,monthly,361.00,2026-04-26,accepted,All equipment provided
quote-3871159016aa,2026-02-25T12:31:43.841715,b179c130-da0c-4604-b4c8-e5cf8bab4289,client31@keylargo.com,Felix Parker,prop-5aa9abb2578e,415 Paradise Drive,regular cleaning,1379,2,2,bi-weekly,297.00,2026-03-31,accepted,Includes eco-friendly products
quote-d78e913ceac1,2026-02-25T12:31:43.841749,20c53565-0be3-443f-a980-c3f6dcf87be6,client32@marathon.com,Gina Evans,prop-00efce5e9d87,418 Beach Road,deep cleaning,4804,0,2,bi-weekly,621.00,2026-04-08,accepted,Satisfaction guaranteed
quote-89b35df8fd6c,2026-02-25T12:31:43.841782,20c53565-0be3-443f-a980-c3f6dcf87be6,client32@marathon.com,Gina Evans,prop-18d8d15f6a06,421 Palm Avenue,deep cleaning,3519,0,1,bi-weekly,477.00,2026-05-19,accepted,Satisfaction guaranteed
quote-6d333847e963,2026-02-25T12:31:43.841819,c7331ab5-bd19-4d0a-b04a-bd1da9b23802,client33@bigpine.com,Hugo Edwards,prop-b34a5d70d5fc,424 Harbor Lane,regular cleaning,1759,4,3,weekly,386.75,2026-04-25,accepted,Includes all supplies
quote-c113d5ea7533,2026-02-25T12:31:43.841857,c7331ab5-bd19-4d0a-b04a-bd1da9b23802,client33@bigpine.com,Hugo Edwards,prop-56a052507489,427 Pelican Avenue,standard cleaning,1406,4,1,weekly,280.50,2026-04-23,accepted,Professional team assigned
quote-706c4a4b952c,2026-02-25T12:31:43.841897,c7331ab5-bd19-4d0a-b04a-bd1da9b23802,client33@bigpine.com,Hugo Edwards,prop-f627de1d4c3b,430 Sailfish Lane,turnover cleaning,1326,1,2,weekly,284.75,2026-05-10,accepted,Includes all supplies
quote-0d6e158f2222,2026-02-25T12:31:43.841936,11fbcda4-e0b1-4eee-9046-3d693ae24b6a,client34@keywest.com,Isabel Collins,prop-c56a38cf6358,433 Gulf View,regular cleaning,2611,0,2,bi-weekly,324.00,2026-04-28,accepted,Premium service package
quote-260689a51866,2026-02-25T12:31:43.841977,11fbcda4-e0b1-4eee-9046-3d693ae24b6a,client34@keywest.com,Isabel Collins,prop-b58be635a37c,436 Palm Avenue,standard cleaning,1413,4,3,weekly,314.50,2026-05-12,accepted,Special discount applied
quote-cfcb9b588802,2026-02-25T12:31:43.842011,e94162fe-1a4b-4203-8561-047ae1f17ffc,client35@islamorada.com,Jacob Stewart,prop-4f7bd80c67e0,439 Pelican Avenue,regular cleaning,2996,0,1,bi-weekly,328.50,2026-05-06,accepted,Professional team assigned
quote-5ef98286f77f,2026-02-25T12:31:43.842044,e94162fe-1a4b-4203-8561-047ae1f17ffc,client35@islamorada.com,Jacob Stewart,prop-ca4ce9be9c4f,442 Ocean Drive,regular cleaning,3298,0,1,bi-weekly,351.00,2026-04-05,accepted,Quality guarantee included
quote-87065bd2861d,2026-02-25T12:31:43.842078,8fd81213-4227-4808-ab09-f53f5308abe6,client36@tavernier.com,Marcus Bennett,prop-9200180eb237,445 Pelican Avenue,turnover cleaning,1832,4,2,bi-weekly,450.00,2026-05-23,accepted,Special discount applied
quote-19151696dedd,2026-02-25T12:31:43.842112,7032a386-0693-43b5-ae69-d589615f1392,client37@keylargo.com,Nicole Foster,prop-ffb7e4d3f090,448 Reef Road,deep cleaning,2224,1,1,weekly,382.50,2026-04-25,accepted,Satisfaction guaranteed
quote-95b194110b3c,2026-02-25T12:31:43.842148,7032a386-0693-43b5-ae69-d589615f1392,client37@keylargo.com,Nicole Foster,prop-af1f0d951288,451 Beach Road,deep cleaning,3979,0,1,weekly,493.00,2026-05-08,accepted,All equipment provided
quote-7c59ba11ddd2,2026-02-25T12:31:43.842198,7032a386-0693-43b5-ae69-d589615f1392,client37@keylargo.com,Nicole Foster,prop-676046a3f0ef,454 Reef Road,deep cleaning,4944,0,2,weekly,599.25,2026-05-11,accepted,Professional team assigned
quote-95caafdfa845,2026-02-25T12:31:43.842231,bf6828c1-556f-4951-b869-3a8b18aa32ca,client38@marathon.com,Oscar Reed,prop-fe0ffa92bca8,457 Coral Way,deep cleaning,4094,0,2,bi-weekly,558.00,2026-04-28,accepted,Includes all supplies
quote-bf5b0b149e28,2026-02-25T12:31:43.842266,bf6828c1-556f-4951-b869-3a8b18aa32ca,client38@marathon.com,Oscar Reed,prop-199b5fd0114a,460 Seaside Drive,deep cleaning,1226,2,2,weekly,369.75,2026-04-29,accepted,Quality guarantee included
quote-37f019d46c1e,2026-02-25T12:31:43.842299,bf6828c1-556f-4951-b869-3a8b18aa32ca,client38@marathon.com,Oscar Reed,prop-defc798c3359,463 Coral Way,deep cleaning,4037,0,2,weekly,522.75,2026-04-07,accepted,Includes eco-friendly products
quote-ad502a5b7139,2026-02-25T12:31:43.842332,ee76d8bd-213e-49f8-b4d1-559d05b65677,client39@bigpine.com,Paula Coleman,prop-01542ad23068,466 Marlin Drive,deep cleaning,2420,3,3,bi-weekly,567.00,2026-04-01,accepted,Premium service package
quote-1ad4d75f49f1,2026-02-25T12:31:43.842370,ee76d8bd-213e-49f8-b4d1-559d05b65677,client39@bigpine.com,Paula Coleman,prop-a5bcd104864c,469 Marina Lane,regular cleaning,2805,0,2,bi-weekly,337.50,2026-05-17,accepted,All equipment provided
quote-cf3fa804104d,2026-02-25T12:31:43.842404,0cea8188-8343-4db0-b585-d40d998058b3,client40@keywest.com,Quincy Jenkins,prop-1f09590a57f8,472 Dolphin Street,deep cleaning,873,2,2,bi-weekly,355.50,2026-04-11,accepted,Recurring service discount
quote-7f9116e248d2,2026-02-25T12:31:43.842438,0cea8188-8343-4db0-b585-d40d998058b3,client40@keywest.com,Quincy Jenkins,prop-814e9b101850,475 Dolphin Street,turnover cleaning,1448,2,1,bi-weekly,324.00,2026-04-01,accepted,All equipment provided
quote-370e337c49eb,2026-02-25T12:31:43.842472,0cea8188-8343-4db0-b585-d40d998058b3,client40@keywest.com,Quincy Jenkins,prop-da88a790c387,478 Gulf View,deep cleaning,3182,0,2,weekly,450.50,2026-04-05,accepted,All equipment provided
quote-77d1617317ca,2026-02-25T12:31:43.842505,4bb32a90-e538-44e0-84a3-8b67b75ad5e0,client41@islamorada.com,Rachel Perry,prop-21793fe6b23f,481 Beach Road,regular cleaning,2899,0,2,bi-weekly,342.00,2026-04-13,accepted,Includes all supplies
quote-939706107650,2026-02-25T12:31:43.842539,4bb32a90-e538-44e0-84a3-8b67b75ad5e0,client41@islamorada.com,Rachel Perry,prop-133107ca56bf,484 Conch Street,turnover cleaning,1127,2,1,bi-weekly,297.00,2026-04-02,accepted,Special discount applied
quote-38ae943a192b,2026-02-25T12:31:43.842572,4bb32a90-e538-44e0-84a3-8b67b75ad5e0,client41@islamorada.com,Rachel Perry,prop-2bb3e7457e0b,487 Coral Way,regular cleaning,4690,0,1,bi-weekly,450.00,2026-04-13,accepted,Professional team assigned
quote-2ce9c1325cc1,2026-02-25T12:31:43.842605,5b31173f-5d7d-4e59-b5c3-eca05861675f,client42@tavernier.com,Samuel Powell,prop-7d5bba434682,490 Bayshore Drive,standard cleaning,1278,4,3,weekly,306.00,2026-04-08,accepted,Flexible scheduling available
quote-a89a0b2fc3cf,2026-02-25T12:31:43.842639,61d17601-f8f1-4588-aaa8-3224887cc820,client43@keylargo.com,Teresa Long,prop-ff0e6172e122,493 Marlin Drive,regular cleaning,2679,0,2,monthly,346.75,2026-05-01,accepted,Special discount applied
quote-c12b5f9ce6bb,2026-02-25T12:31:43.842672,61d17601-f8f1-4588-aaa8-3224887cc820,client43@keylargo.com,Teresa Long,prop-1e996ee04aa2,496 Reef Road,regular cleaning,1011,4,3,bi-weekly,355.50,2026-05-22,accepted,Includes all supplies
quote-56229a12e571,2026-02-25T12:31:43.842705,61d17601-f8f1-4588-aaa8-3224887cc820,client43@keylargo.com,Teresa Long,prop-a010a7ad2998,499 Marlin Drive,turnover cleaning,1113,1,3,bi-weekly,310.50,2026-04-07,accepted,Premium service package
quote-fed36ecad159,2026-02-25T12:31:43.842739,d0479bfe-9d41-48d9-b60e-d5210e4b61f7,client44@marathon.com,Ulysses Patterson,prop-d01ffeefcf48,502 Bayshore Drive,regular cleaning,2935,0,2,monthly,365.75,2026-04-04,accepted,Professional team assigned
quote-f4e63d0d2843,2026-02-25T12:31:43.842772,dec95ae6-1e9f-422d-8cea-5509fbcb8e6a,client45@bigpine.com,Veronica Hughes,prop-6df253ce40c9,505 Sailfish Lane,deep cleaning,2873,0,1,monthly,441.75,2026-04-02,accepted,Flexible scheduling available
quote-e090578c2702,2026-02-25T12:31:43.842875,7c597dd1-5e0d-4741-ad75-838e59c5ee92,client46@keywest.com,Walter Flores,prop-d988149847ce,508 Pelican Avenue,regular cleaning,1477,3,2,weekly,318.75,2026-04-26,accepted,Quality guarantee included
quote-6207a6e81b11,2026-02-25T12:31:43.842928,7c597dd1-5e0d-4741-ad75-838e59c5ee92,client46@keywest.com,Walter Flores,prop-277c41c6670e,511 Marina Lane,turnover cleaning,1431,4,2,weekly,395.25,2026-04-29,accepted,Recurring service discount
quote-316a9eb0c5c2,2026-02-25T12:31:43.842986,b8cc6487-5615-418b-a657-aecdf3ea1c86,client47@islamorada.com,Xena Barnes,prop-7fafa5ce1f3b,514 Ocean Drive,turnover cleaning,2305,2,1,bi-weekly,391.50,2026-04-24,accepted,Includes eco-friendly products
quote-4f2ea8cb6f9a,2026-02-25T12:31:43.843027,b8cc6487-5615-418b-a657-aecdf3ea1c86,client47@islamorada.com,Xena Barnes,prop-f9a1de30e163,517 Tropical Way,deep cleaning,1636,0,2,bi-weekly,337.50,2026-05-03,accepted,Satisfaction guaranteed
quote-1e3b4f6eab3d,2026-02-25T12:31:43.843063,b8cc6487-5615-418b-a657-aecdf3ea1c86,client47@islamorada.com,Xena Barnes,prop-3cc1e52b9ede,520 Sailfish Lane,turnover cleaning,1002,1,2,weekly,259.25,2026-05-09,accepted,Quality guarantee included
quote-e79f2f3d5417,2026-02-25T12:31:43.843102,e5ef46a7-bf66-42bb-9dbd-c7663f53f581,client48@tavernier.com,Yale Ross,prop-66590be2d9ea,523 Pelican Avenue,turnover cleaning,1605,5,2,bi-weekly,468.00,2026-03-30,accepted,Includes all supplies
quote-41c1611fa31b,2026-02-25T12:31:43.843137,e5ef46a7-bf66-42bb-9dbd-c7663f53f581,client48@tavernier.com,Yale Ross,prop-6b5df2b66a24,526 Island Road,regular cleaning,3716,0,2,monthly,422.75,2026-04-18,accepted,Professional team assigned
quote-2312369c71a3,2026-02-25T12:31:43.843178,bf36cdf0-0cf3-4df2-b653-b30e7ab15410,client49@keylargo.com,Yvonne Henderson,prop-abf65d4cdb9d,529 Beach Road,deep cleaning,3754,0,2,monthly,555.75,2026-04-25,accepted,Special discount applied
quote-74a340692e74,2026-02-25T12:31:43.843212,bf36cdf0-0cf3-4df2-b653-b30e7ab15410,client49@keylargo.com,Yvonne Henderson,prop-2a61e68e3c3d,532 Dolphin Street,deep cleaning,1958,0,2,weekly,344.25,2026-05-11,accepted,Satisfaction guaranteed
quote-3df51421a2fe,2026-02-25T12:31:43.843247,bf36cdf0-0cf3-4df2-b653-b30e7ab15410,client49@keylargo.com,Yvonne Henderson,prop-9f2cf78ae92d,535 Beach Road,deep cleaning,1805,0,1,bi-weekly,324.00,2026-05-13,accepted,Flexible scheduling available
quote-8258262b375e,2026-02-25T12:31:43.843281,0d22ae43-f971-4251-8a48-5e9766a864b3,client50@marathon.com,Zachary Coleman,prop-c1f69a9179b1,538 Harbor Lane,deep cleaning,2422,4,3,weekly,578.00,2026-04-03,accepted,Premium service package
quote-f218162d3d54,2026-02-25T12:31:43.843328,0d22ae43-f971-4251-8a48-5e9766a864b3,client50@marathon.com,Zachary Coleman,prop-b8c6e4619435,541 Island Road,deep cleaning,1973,4,2,weekly,514.25,2026-03-27,accepted,Includes all supplies
quote-83078c3f6548,2026-02-25T12:31:43.843362,ff9284f1-f8b3-46be-a973-d2a8284282ce,client51@bigpine.com,Abigail Russell,prop-dc9853277895,544 Island Road,deep cleaning,3444,0,2,weekly,471.75,2026-05-21,accepted,Satisfaction guaranteed
quote-4fafd21fae8a,2026-02-25T12:31:43.843438,ff9284f1-f8b3-46be-a973-d2a8284282ce,client51@bigpine.com,Abigail Russell,prop-b082a376af6b,547 Tropical Way,regular cleaning,1435,4,1,bi-weekly,342.00,2026-05-20,accepted,Satisfaction guaranteed
quote-66b9c37d13e4,2026-02-25T12:31:43.843486,ff9284f1-f8b3-46be-a973-d2a8284282ce,client51@bigpine.com,Abigail Russell,prop-15254caef26e,550 Palm Avenue,turnover cleaning,813,4,3,bi-weekly,391.50,2026-04-19,accepted,Flexible scheduling available
quote-caa7e284444b,2026-02-25T12:31:43.843522,381d1686-89fd-405c-a094-838b0f95bf4c,client52@keywest.com,Brandon Griffin,prop-fe82337f126d,553 Tropical Way,standard cleaning,1878,2,1,bi-weekly,270.00,2026-04-23,accepted,Includes eco-friendly products
quote-50ba4bfe7316,2026-02-25T12:31:43.843579,381d1686-89fd-405c-a094-838b0f95bf4c,client52@keywest.com,Brandon Griffin,prop-5915e045caae,556 Gulf View,regular cleaning,1373,4,1,weekly,318.75,2026-05-09,accepted,Premium service package
quote-135f2aca8736,2026-02-25T12:31:43.843635,b31b8bcb-3571-4e8a-9d8e-21dd38b76f81,client53@islamorada.com,Courtney Diaz,prop-3e1670b099eb,559 Beach Road,regular cleaning,1443,4,1,weekly,323.00,2026-04-02,accepted,Special discount applied
quote-95705da8d5b9,2026-02-25T12:31:43.843681,b31b8bcb-3571-4e8a-9d8e-21dd38b76f81,client53@islamorada.com,Courtney Diaz,prop-0ab1d0e711ac,562 Beach Road,turnover cleaning,2297,4,1,bi-weekly,463.50,2026-04-07,accepted,Includes eco-friendly products
quote-a500bb00dac6,2026-02-25T12:31:43.843714,9d662b52-9d87-47dd-80fb-4530663bf17b,client54@tavernier.com,Dexter Hayes,prop-21dcd91c6643,565 Bayshore Drive,deep cleaning,1295,3,2,bi-weekly,441.00,2026-04-16,accepted,Premium service package
quote-6454fa4f0767,2026-02-25T12:31:43.843746,9d662b52-9d87-47dd-80fb-4530663bf17b,client54@tavernier.com,Dexter Hayes,prop-87a942036806,568 Ocean Drive,deep cleaning,1246,5,1,bi-weekly,499.50,2026-04-12,accepted,Quality guarantee included
quote-dbdd402b4d98,2026-02-25T12:31:43.843778,9d662b52-9d87-47dd-80fb-4530663bf17b,client54@tavernier.com,Dexter Hayes,prop-c688b3ec73ba,571 Ocean Drive,deep cleaning,2390,4,1,weekly,527.00,2026-04-23,accepted,Special discount applied
quote-d41115381092,2026-02-25T12:31:43.843810,923ebf4b-23e9-4639-b0bd-dca6815c2f07,client55@keylargo.com,Elaine Myers,prop-98001f2fdcfd,574 Reef Road,regular cleaning,1674,3,2,weekly,331.50,2026-05-23,accepted,All equipment provided
quote-8b43952e20d8,2026-02-25T12:31:43.843842,923ebf4b-23e9-4639-b0bd-dca6815c2f07,client55@keylargo.com,Elaine Myers,prop-c9c5d8a70e5f,577 Reef Road,standard cleaning,1770,3,2,monthly,327.75,2026-05-02,accepted,Quality guarantee included
quote-7d0e5e5f5ed8,2026-02-25T12:31:43.843873,e3e5a98c-680d-4ae6-bf99-f8e58e6cad63,client56@marathon.com,Francis Ford,prop-efe01ff0eacb,580 Island Road,turnover cleaning,2369,3,3,bi-weekly,481.50,2026-04-01,accepted,Premium service package
quote-b312b1719f10,2026-02-25T12:31:43.843905,e3e5a98c-680d-4ae6-bf99-f8e58e6cad63,client56@marathon.com,Francis Ford,prop-d673699cba5a,583 Lighthouse Way,regular cleaning,4393,0,1,weekly,403.75,2026-04-24,accepted,Flexible scheduling available
quote-a9fca10a2d19,2026-02-25T12:31:43.843937,21816d6b-e1c8-47e4-bf0d-1194c63f3c1a,client57@bigpine.com,Gloria Wells,prop-4e635682db05,586 Palm Avenue,regular cleaning,4551,0,2,weekly,437.75,2026-05-11,accepted,Premium service package
quote-af993397586c,2026-02-25T12:31:43.843969,21816d6b-e1c8-47e4-bf0d-1194c63f3c1a,client57@bigpine.com,Gloria Wells,prop-3bad260b5b63,589 Island Road,deep cleaning,1170,3,2,weekly,403.75,2026-03-29,accepted,Flexible scheduling available
quote-0cd315403a9f,2026-02-25T12:31:43.844014,e5397bcd-d15f-4a2f-95c1-1737a5516c0b,client58@keywest.com,Howard Webb,prop-509ac8f86800,592 Marina Lane,regular cleaning,1911,2,2,weekly,318.75,2026-05-15,accepted,Quality guarantee included
quote-729880d2e319,2026-02-25T12:31:43.844058,53db5a47-33fd-4bc4-bc1a-7d66a4b5b67b,client59@islamorada.com,Iris Simpson,prop-2e06764d3e94,595 Seaside Drive,standard cleaning,1846,3,1,bi-weekly,297.00,2026-04-17,accepted,Satisfaction guaranteed
quote-5634a46d83bb,2026-02-25T12:31:43.844096,53db5a47-33fd-4bc4-bc1a-7d66a4b5b67b,client59@islamorada.com,Iris Simpson,prop-589a4cdc7d1b,598 Reef Road,regular cleaning,1488,4,2,weekly,348.50,2026-05-21,accepted,Includes all supplies
quote-49506a987306,2026-02-25T12:31:43.844132,268685db-3517-4a61-90c4-d7473b1a10f1,client60@tavernier.com,Jerome Porter,prop-3bd7c1631396,601 Tropical Way,deep cleaning,2987,0,1,monthly,456.00,2026-05-07,accepted,Includes eco-friendly products
quote-696f09b3d9cf,2026-02-25T12:31:43.844168,268685db-3517-4a61-90c4-d7473b1a10f1,client60@tavernier.com,Jerome Porter,prop-44a103b29f3e,604 Tropical Way,regular cleaning,1323,2,1,weekly,255.00,2026-05-03,accepted,Includes all supplies
quote-2293ee06ae93,2026-02-25T12:31:43.844225,268685db-3517-4a61-90c4-d7473b1a10f1,client60@tavernier.com,Jerome Porter,prop-39ffd3905d90,607 Sunset Boulevard,deep cleaning,3909,0,1,bi-weekly,513.00,2026-04-16,accepted,Satisfaction guaranteed
quote-515ea30f373e,2026-02-25T12:31:43.844263,2fc17f56-6b75-4bdc-a550-2434d1b1474d,client61@keylargo.com,Katherine Hunter,prop-52b13d879d85,610 Coral Way,regular cleaning,1231,2,2,weekly,272.00,2026-05-13,accepted,Satisfaction guaranteed
quote-82c7da87ca60,2026-02-25T12:31:43.844311,2fc17f56-6b75-4bdc-a550-2434d1b1474d,client61@keylargo.com,Katherine Hunter,prop-a0f594b756eb,613 Gulf View,turnover cleaning,918,3,3,weekly,344.25,2026-04-21,accepted,Premium service package
quote-b15ec51c035a,2026-02-25T12:31:43.844359,e616404c-8c43-4867-854b-5a1ebbebcb66,client62@marathon.com,Leonard Jordan,prop-40f2a9efd568,616 Tropical Way,turnover cleaning,1866,2,3,bi-weekly,405.00,2026-05-16,accepted,Recurring service discount
quote-2ad57bc2c350,2026-02-25T12:31:43.844513,e616404c-8c43-4867-854b-5a1ebbebcb66,client62@marathon.com,Leonard Jordan,prop-045ea64e3337,619 Dolphin Street,deep cleaning,1763,0,1,monthly,337.25,2026-05-20,accepted,Includes all supplies
quote-dab4b2f00394,2026-02-25T12:31:43.844552,d1f07781-5c06-44de-b603-311cbcb54272,client63@bigpine.com,Melody Reynolds,prop-a07ae0093f3b,622 Tropical Way,regular cleaning,2786,0,2,weekly,318.75,2026-05-21,accepted,Includes all supplies
quote-ea9f941cdd1a,2026-02-25T12:31:43.844591,df85ff26-85fd-481e-b536-19577c5938b6,client64@keywest.com,Nathan Hamilton,prop-bcbdc9b5b7fd,625 Palm Avenue,deep cleaning,1732,2,2,bi-weekly,436.50,2026-05-24,accepted,Includes eco-friendly products
quote-0c64e1c28c65,2026-02-25T12:31:43.844625,df85ff26-85fd-481e-b536-19577c5938b6,client64@keywest.com,Nathan Hamilton,prop-62a23e9d2230,628 Palm Avenue,deep cleaning,2444,2,1,weekly,446.25,2026-03-31,accepted,Recurring service discount
quote-e93d82e5edbe,2026-02-25T12:31:43.844671,1327ab81-c182-4347-a00a-051f1e2a7166,client65@islamorada.com,Ophelia Grant,prop-c366e99905bd,631 Dolphin Street,regular cleaning,2206,0,2,weekly,276.25,2026-04-16,accepted,Recurring service discount
quote-5989aa9013de,2026-02-25T12:31:43.844707,1327ab81-c182-4347-a00a-051f1e2a7166,client65@islamorada.com,Ophelia Grant,prop-88658a6d54e7,634 Lighthouse Way,deep cleaning,4220,0,2,monthly,598.50,2026-04-10,accepted,Special discount applied
quote-90239a00fff4,2026-02-25T12:31:43.844741,11d290c9-7e86-4130-a8ad-2d7f5730f0d4,vendor8@premier.com,Juan Sanchez,prop-be58a418326c,637 Paradise Drive,deep cleaning,4140,0,1,monthly,565.25,2026-05-14,accepted,All equipment provided
quote-5785a393c62d,2026-02-25T12:31:43.844775,aba201f3-90af-4e4c-b46d-572220e4e565,vendor10@platinum.com,Luis Torres,prop-e2ba781108fc,640 Marlin Drive,standard cleaning,1203,3,1,monthly,270.75,2026-05-11,accepted,Special discount applied
quote-dcd463e62de5,2026-02-25T12:31:43.844808,e3b5b979-3e4a-4d91-87cd-e2c6814a7aca,vendor23@bonded.com,Natalia Patel,prop-440375329ac0,643 Palm Avenue,turnover cleaning,1198,4,1,weekly,352.75,2026-04-15,accepted,Flexible scheduling available
quote-d0c82823d82c,2026-02-25T12:31:43.844841,e9fe03e8-4ff7-452d-b773-7931b704d1c1,vendor24@insured.com,Ricardo Chen,prop-e85496224a3a,646 Reef Road,regular cleaning,1969,2,2,monthly,361.00,2026-04-28,accepted,Includes all supplies
quote-a4b43a505d58,2026-02-25T12:31:43.844874,3666f3f3-3d70-410e-9e90-39dd8e3c0641,vendor30@authorized.com,Roberto Tran,prop-0493fe64417b,649 Island Road,regular cleaning,1504,0,1,bi-weekly,220.50,2026-04-25,accepted,All equipment provided
quote-4a76233a363b,2026-02-25T12:31:43.844907,5ed4a8fc-045e-4565-998b-5f014f220e69,vendor31@spotless.com,Elena Moreno,prop-3b106c15fcc6,652 Marina Lane,regular cleaning,1564,0,2,bi-weekly,247.50,2026-04-23,accepted,Premium service package
quote-b79873efdee3,2026-02-25T12:31:43.844940,1e954887-b348-4dc2-8990-966df3b99004,vendor41@elite.com,Fernanda Ramos,prop-7e43a1c6ef29,655 Palm Avenue,standard cleaning,1118,3,3,weekly,272.00,2026-04-13,accepted,Recurring service discount
quote-06c37e17d8af,2026-02-25T12:31:43.844974,a5374d81-5fb8-47da-ba12-7e397be35ac2,vendor42@premier.com,Gustavo Mendez,prop-d1e214d20fff,658 Reef Road,regular cleaning,1062,3,2,weekly,289.00,2026-05-24,accepted,Flexible scheduling available
quote-6ab19f5eb0ad,2026-02-25T12:31:43.845024,9de6a335-346f-419c-b5fe-39c2820625da,vendor43@superior.com,Helena Navarro,prop-49640dae6a95,661 Paradise Drive,regular cleaning,1061,4,1,bi-weekly,315.00,2026-05-07,accepted,Includes eco-friendly products
quote-c5d544dad6f5,2026-02-25T12:31:43.845058,7fc5ba87-4d6d-4af3-96a9-347e3f8107f9,vendor46@professional.com,Kevin Guzman,prop-e5b91d2e2543,664 Sunset Boulevard,standard cleaning,1406,2,3,monthly,294.50,2026-05-15,accepted,Quality guarantee included
quote-98b6cc3094e8,2026-02-25T12:31:43.845091,47d06290-4de4-4821-b1ab-0af5f685fad3,vendor48@certified.com,Manuel Cortez,prop-5d06fb5c3e03,667 Island Road,standard cleaning,1156,3,3,bi-weekly,288.00,2026-05-08,accepted,Premium service package
quote-6bd9d244efb5,2026-02-25T12:31:43.845124,02e393b7-3bc3-41d1-9bf4-13d040ed670f,vendor50@bonded.com,Orlando Pacheco,prop-7273d420c588,670 Seaside Drive,regular cleaning,1170,2,1,bi-weekly,261.00,2026-05-02,accepted,Premium service package
quote-0043b58c51a7,2026-02-25T12:31:43.845157,299dc252-2485-41ef-8946-1f6ecd900127,vendor54@registered.com,Santiago Ibarra,prop-0215e6ea5084,673 Seaside Drive,regular cleaning,1459,4,3,bi-weekly,387.00,2026-05-11,accepted,Quality guarantee included
quote-293930c349d4,2026-02-25T12:31:43.845190,070c7c3d-dc31-4e65-88d9-d838b95da923,vendor57@authorized.com,Viviana Carrillo,prop-78b831bc34e6,676 Beach Road,regular cleaning,3019,0,2,bi-weekly,351.00,2026-04-11,accepted,Professional team assigned
quote-4bedb1db2111,2026-02-25T12:31:43.845224,34846b55-bc7b-49f6-b77b-4df1d5c422a4,vendor58@reliable.com,Wilfredo Bautista,prop-5f14908483ba,679 Paradise Drive,deep cleaning,1586,0,2,monthly,351.50,2026-04-03,accepted,Quality guarantee included
